video_id,K,t,D,entertainment_flag,education_flag,r,c,N
1,3,0.5,1,1,0,4.5,0.0005,20
2,2,0.706,1,1,0,5.25,0.000706,36
3,4,1.5923,1,0,0,3.0,0.001592,313
4,3,0.6472,1,1,0,4.5,0.000647,125
5,1,0.9183,1,0,1,1.5,0.000918,23
6,4,1.8861,1,0,0,3.0,0.001886,26
7,3,0.8559,1,1,0,4.5,0.000856,25
8,3,1.5208,1,1,0,4.5,0.001521,20
9,1,5.9648,2,0,1,1.0,0.005965,347
10,3,1.0215,1,1,0,4.5,0.001022,25
11,2,3.9451,2,1,0,3.5,0.003945,26
12,4,2.1223,1,0,0,3.0,0.002122,20
13,3,0.5,1,1,0,4.5,0.0005,20
14,3,0.5,1,1,0,4.5,0.0005,20
15,2,0.5271,1,1,0,5.25,0.000527,30
16,2,0.516,1,1,0,5.25,0.000516,23
17,3,1.1083,1,1,0,4.5,0.001108,20
18,1,2.2429,1,0,1,1.5,0.002243,55
19,3,4.2559,2,1,0,3.0,0.004256,20
20,3,1.6509,1,1,0,4.5,0.001651,58
21,3,0.7768,1,1,0,4.5,0.000777,58
22,2,0.5,1,1,0,5.25,0.0005,436
23,4,1.3018,1,0,0,3.0,0.001302,20
24,4,1.2447,1,0,0,3.0,0.001245,34
25,3,1.4566,1,1,0,4.5,0.001457,20
26,2,9.9681,2,1,0,3.5,0.009968,33
27,3,4.1944,2,1,0,3.0,0.004194,28
28,1,2.6597,1,0,1,1.5,0.00266,324
29,2,0.5,1,1,0,5.25,0.0005,64
30,3,0.7263,1,1,0,4.5,0.000726,40
31,3,1.1033,1,1,0,4.5,0.001103,61
32,4,0.5586,1,0,0,3.0,0.000559,118
33,2,2.0009,1,1,0,5.25,0.002001,23
34,2,1.7334,1,1,0,5.25,0.001733,62
35,3,0.5,1,1,0,4.5,0.0005,38
36,2,4.0147,2,1,0,3.5,0.004015,20
37,1,1.3437,1,0,1,1.5,0.001344,30
38,3,0.5,1,1,0,4.5,0.0005,20
39,2,1.1524,1,1,0,5.25,0.001152,24
40,3,1.607,1,1,0,4.5,0.001607,45
41,2,3.2089,2,1,0,3.5,0.003209,26
42,3,0.8656,1,1,0,4.5,0.000866,71
43,3,2.7762,1,1,0,4.5,0.002776,24
44,2,1.4627,1,1,0,5.25,0.001463,28
45,3,0.5,1,1,0,4.5,0.0005,24
46,3,0.5,1,1,0,4.5,0.0005,56
47,2,3.7274,2,1,0,3.5,0.003727,79
48,2,4.0114,2,1,0,3.5,0.004011,32
49,3,1.6754,1,1,0,4.5,0.001675,75
50,1,5.4133,2,0,1,1.0,0.005413,25
51,2,3.4895,2,1,0,3.5,0.003489,21
52,1,2.4031,1,0,1,1.5,0.002403,256
53,3,0.5,1,1,0,4.5,0.0005,29
54,3,6.8522,2,1,0,3.0,0.006852,21
55,3,2.0739,1,1,0,4.5,0.002074,21
56,3,0.8247,1,1,0,4.5,0.000825,20
57,3,0.6218,1,1,0,4.5,0.000622,26
58,3,1.5682,1,1,0,4.5,0.001568,23
59,1,0.5,1,0,1,1.5,0.0005,126
60,1,2.442,1,0,1,1.5,0.002442,88
61,3,0.5,1,1,0,4.5,0.0005,36
62,3,1.7573,1,1,0,4.5,0.001757,33
63,3,0.72,1,1,0,4.5,0.00072,108
64,3,0.9312,1,1,0,4.5,0.000931,20
65,3,0.5691,1,1,0,4.5,0.000569,59
66,3,1.0324,1,1,0,4.5,0.001032,20
67,3,8.0247,2,1,0,3.0,0.008025,20
68,2,4.8463,2,1,0,3.5,0.004846,72
69,1,1.7291,1,0,1,1.5,0.001729,25
70,2,1.1828,1,1,0,5.25,0.001183,20
71,2,2.8217,1,1,0,5.25,0.002822,412
72,2,3.7551,2,1,0,3.5,0.003755,25
73,4,0.5291,1,0,0,3.0,0.000529,20
74,2,1.1227,1,1,0,5.25,0.001123,30
75,1,0.5,1,0,1,1.5,0.0005,70
76,2,3.7294,2,1,0,3.5,0.003729,24
77,2,9.5656,2,1,0,3.5,0.009566,55
78,3,1.3142,1,1,0,4.5,0.001314,24
79,3,0.5,1,1,0,4.5,0.0005,27
80,3,2.2301,1,1,0,4.5,0.00223,67
81,3,0.5,1,1,0,4.5,0.0005,24
82,2,0.6249,1,1,0,5.25,0.000625,26
83,3,2.2699,1,1,0,4.5,0.00227,20
84,2,1.5647,1,1,0,5.25,0.001565,54
85,1,0.7446,1,0,1,1.5,0.000745,28
86,1,0.6335,1,0,1,1.5,0.000634,83
87,3,1.3757,1,1,0,4.5,0.001376,33
88,3,0.8055,1,1,0,4.5,0.000805,58
89,2,0.5,1,1,0,5.25,0.0005,27
90,3,0.8699,1,1,0,4.5,0.00087,21
91,2,1.7036,1,1,0,5.25,0.001704,55
92,3,1.0152,1,1,0,4.5,0.001015,22
93,2,0.5,1,1,0,5.25,0.0005,22
94,2,3.2616,2,1,0,3.5,0.003262,44
95,2,0.5,1,1,0,5.25,0.0005,29
96,3,0.7763,1,1,0,4.5,0.000776,57
97,2,0.6524,1,1,0,5.25,0.000652,133
98,1,1.4068,1,0,1,1.5,0.001407,22
99,1,2.1272,1,0,1,1.5,0.002127,64
100,4,3.7431,2,0,0,2.0,0.003743,20
101,4,0.595,1,0,0,3.0,0.000595,27
102,3,2.1809,1,1,0,4.5,0.002181,51
103,2,1.4755,1,1,0,5.25,0.001475,22
104,4,0.5,1,0,0,3.0,0.0005,59
105,3,8.1148,2,1,0,3.0,0.008115,92
106,3,0.5,1,1,0,4.5,0.0005,20
107,2,1.8453,1,1,0,5.25,0.001845,35
108,2,1.7916,1,1,0,5.25,0.001792,52
109,1,1.598,1,0,1,1.5,0.001598,24
110,4,0.7398,1,0,0,3.0,0.00074,32
111,3,2.7743,1,1,0,4.5,0.002774,36
112,2,0.5,1,1,0,5.25,0.0005,25
113,2,1.1358,1,1,0,5.25,0.001136,35
114,3,0.6902,1,1,0,4.5,0.00069,93
115,2,0.6162,1,1,0,5.25,0.000616,22
116,4,1.8625,1,0,0,3.0,0.001862,32
117,3,3.5631,2,1,0,3.0,0.003563,32
118,3,0.8606,1,1,0,4.5,0.000861,41
119,2,2.6481,1,1,0,5.25,0.002648,26
120,3,1.2749,1,1,0,4.5,0.001275,172
121,3,0.5,1,1,0,4.5,0.0005,36
122,3,0.9373,1,1,0,4.5,0.000937,42
123,1,0.8991,1,0,1,1.5,0.000899,109
124,2,0.6044,1,1,0,5.25,0.000604,23
125,1,1.862,1,0,1,1.5,0.001862,49
126,3,1.5339,1,1,0,4.5,0.001534,37
127,2,0.5,1,1,0,5.25,0.0005,33
128,1,0.5,1,0,1,1.5,0.0005,20
129,1,1.8549,1,0,1,1.5,0.001855,39
130,3,0.5368,1,1,0,4.5,0.000537,57
131,2,1.6408,1,1,0,5.25,0.001641,27
132,4,2.6487,1,0,0,3.0,0.002649,21
133,3,0.5,1,1,0,4.5,0.0005,33
134,2,0.5,1,1,0,5.25,0.0005,26
135,3,6.4726,2,1,0,3.0,0.006473,20
136,1,1.7241,1,0,1,1.5,0.001724,29
137,4,0.7976,1,0,0,3.0,0.000798,20
138,3,0.5,1,1,0,4.5,0.0005,96
139,3,0.7281,1,1,0,4.5,0.000728,67
140,1,0.5,1,0,1,1.5,0.0005,27
141,3,2.9346,1,1,0,4.5,0.002935,20
142,3,0.5579,1,1,0,4.5,0.000558,20
143,4,3.6208,2,0,0,2.0,0.003621,37
144,3,0.8126,1,1,0,4.5,0.000813,90
145,3,0.5,1,1,0,4.5,0.0005,37
146,2,0.792,1,1,0,5.25,0.000792,24
147,2,0.5,1,1,0,5.25,0.0005,20
148,3,1.0751,1,1,0,4.5,0.001075,248
149,2,1.0233,1,1,0,5.25,0.001023,45
150,1,2.7673,1,0,1,1.5,0.002767,20
151,3,0.5,1,1,0,4.5,0.0005,107
152,4,3.8768,2,0,0,2.0,0.003877,27
153,1,2.7559,1,0,1,1.5,0.002756,291
154,3,4.2427,2,1,0,3.0,0.004243,20
155,1,1.1508,1,0,1,1.5,0.001151,119
156,3,3.3436,2,1,0,3.0,0.003344,25
157,2,0.5,1,1,0,5.25,0.0005,62
158,3,2.4749,1,1,0,4.5,0.002475,23
159,3,0.561,1,1,0,4.5,0.000561,36
160,3,0.5,1,1,0,4.5,0.0005,37
161,1,0.5,1,0,1,1.5,0.0005,46
162,4,1.2198,1,0,0,3.0,0.00122,22
163,2,0.532,1,1,0,5.25,0.000532,20
164,1,1.7669,1,0,1,1.5,0.001767,76
165,3,0.5,1,1,0,4.5,0.0005,37
166,2,0.5,1,1,0,5.25,0.0005,23
167,3,4.7852,2,1,0,3.0,0.004785,62
168,3,2.995,1,1,0,4.5,0.002995,20
169,2,0.5,1,1,0,5.25,0.0005,32
170,4,1.2094,1,0,0,3.0,0.001209,20
171,2,3.3624,2,1,0,3.5,0.003362,20
172,3,1.8448,1,1,0,4.5,0.001845,28
173,2,1.4069,1,1,0,5.25,0.001407,29
174,4,3.6266,2,0,0,2.0,0.003627,22
175,2,0.5842,1,1,0,5.25,0.000584,21
176,1,1.2515,1,0,1,1.5,0.001251,20
177,2,1.1916,1,1,0,5.25,0.001192,41
178,4,0.9235,1,0,0,3.0,0.000923,74
179,4,0.8215,1,0,0,3.0,0.000821,44
180,3,1.3048,1,1,0,4.5,0.001305,36
181,4,1.2555,1,0,0,3.0,0.001256,1000
182,4,0.5,1,0,0,3.0,0.0005,43
183,3,2.7046,1,1,0,4.5,0.002705,20
184,2,0.5,1,1,0,5.25,0.0005,91
185,3,0.9752,1,1,0,4.5,0.000975,25
186,3,0.9029,1,1,0,4.5,0.000903,33
187,2,1.7354,1,1,0,5.25,0.001735,29
188,1,0.5,1,0,1,1.5,0.0005,36
189,3,2.9567,1,1,0,4.5,0.002957,20
190,2,0.6164,1,1,0,5.25,0.000616,50
191,4,4.1087,2,0,0,2.0,0.004109,104
192,2,0.752,1,1,0,5.25,0.000752,23
193,1,1.1552,1,0,1,1.5,0.001155,22
194,3,8.223,2,1,0,3.0,0.008223,64
195,2,0.9193,1,1,0,5.25,0.000919,31
196,2,4.1871,2,1,0,3.5,0.004187,58
197,3,1.2614,1,1,0,4.5,0.001261,60
198,4,1.8378,1,0,0,3.0,0.001838,31
199,2,1.301,1,1,0,5.25,0.001301,50
200,2,2.832,1,1,0,5.25,0.002832,25
201,3,0.6112,1,1,0,4.5,0.000611,34
202,4,0.5,1,0,0,3.0,0.0005,28
203,3,0.6405,1,1,0,4.5,0.000641,21
204,1,1.3403,1,0,1,1.5,0.00134,20
205,1,0.9727,1,0,1,1.5,0.000973,38
206,2,2.468,1,1,0,5.25,0.002468,20
207,1,4.4722,2,0,1,1.0,0.004472,24
208,3,0.5,1,1,0,4.5,0.0005,29
209,1,0.5823,1,0,1,1.5,0.000582,26
210,3,0.5,1,1,0,4.5,0.0005,20
211,3,9.2398,2,1,0,3.0,0.00924,28
212,3,1.6451,1,1,0,4.5,0.001645,873
213,2,1.96,1,1,0,5.25,0.00196,117
214,3,0.5,1,1,0,4.5,0.0005,21
215,3,1.2116,1,1,0,4.5,0.001212,33
216,3,2.0186,1,1,0,4.5,0.002019,50
217,1,0.9421,1,0,1,1.5,0.000942,20
218,1,3.5568,2,0,1,1.0,0.003557,55
219,4,12.2433,2,0,0,2.0,0.012243,23
220,2,0.5,1,1,0,5.25,0.0005,24
221,2,0.5,1,1,0,5.25,0.0005,131
222,3,0.5043,1,1,0,4.5,0.000504,20
223,3,6.0457,2,1,0,3.0,0.006046,91
224,4,3.4401,2,0,0,2.0,0.00344,29
225,2,1.0593,1,1,0,5.25,0.001059,38
226,4,1.2582,1,0,0,3.0,0.001258,55
227,1,0.5361,1,0,1,1.5,0.000536,25
228,3,2.954,1,1,0,4.5,0.002954,31
229,3,0.8296,1,1,0,4.5,0.00083,58
230,1,0.9353,1,0,1,1.5,0.000935,27
231,1,2.2299,1,0,1,1.5,0.00223,31
232,2,1.0052,1,1,0,5.25,0.001005,28
233,4,0.959,1,0,0,3.0,0.000959,20
234,3,1.226,1,1,0,4.5,0.001226,25
235,4,2.6872,1,0,0,3.0,0.002687,167
236,3,6.2943,2,1,0,3.0,0.006294,20
237,3,2.1785,1,1,0,4.5,0.002178,20
238,3,2.7087,1,1,0,4.5,0.002709,22
239,1,0.9933,1,0,1,1.5,0.000993,34
240,1,0.5977,1,0,1,1.5,0.000598,56
241,3,2.3329,1,1,0,4.5,0.002333,38
242,3,1.4396,1,1,0,4.5,0.00144,37
243,2,0.5,1,1,0,5.25,0.0005,344
244,3,0.8738,1,1,0,4.5,0.000874,24
245,3,1.1166,1,1,0,4.5,0.001117,20
246,4,0.7281,1,0,0,3.0,0.000728,20
247,3,5.3382,2,1,0,3.0,0.005338,116
248,2,1.9601,1,1,0,5.25,0.00196,30
249,2,4.789,2,1,0,3.5,0.004789,37
250,2,1.5787,1,1,0,5.25,0.001579,22
251,3,1.3159,1,1,0,4.5,0.001316,20
252,4,0.5,1,0,0,3.0,0.0005,37
253,3,1.2276,1,1,0,4.5,0.001228,59
254,2,1.229,1,1,0,5.25,0.001229,28
255,2,0.5,1,1,0,5.25,0.0005,28
256,3,0.7072,1,1,0,4.5,0.000707,32
257,3,0.878,1,1,0,4.5,0.000878,34
258,1,1.8342,1,0,1,1.5,0.001834,20
259,1,1.9242,1,0,1,1.5,0.001924,34
260,3,0.6783,1,1,0,4.5,0.000678,25
261,1,1.9387,1,0,1,1.5,0.001939,22
262,3,1.0111,1,1,0,4.5,0.001011,84
263,2,0.5,1,1,0,5.25,0.0005,25
264,1,0.7471,1,0,1,1.5,0.000747,43
265,4,3.5685,2,0,0,2.0,0.003568,50
266,2,0.5,1,1,0,5.25,0.0005,25
267,2,1.3578,1,1,0,5.25,0.001358,25
268,2,5.9204,2,1,0,3.5,0.00592,30
269,1,0.567,1,0,1,1.5,0.000567,34
270,1,1.2157,1,0,1,1.5,0.001216,22
271,1,0.5,1,0,1,1.5,0.0005,26
272,2,6.1742,2,1,0,3.5,0.006174,22
273,1,1.1161,1,0,1,1.5,0.001116,20
274,3,1.271,1,1,0,4.5,0.001271,33
275,3,4.6995,2,1,0,3.0,0.004699,30
276,2,2.3505,1,1,0,5.25,0.00235,103
277,2,0.5054,1,1,0,5.25,0.000505,45
278,3,0.635,1,1,0,4.5,0.000635,32
279,4,1.9899,1,0,0,3.0,0.00199,55
280,4,0.6499,1,0,0,3.0,0.00065,43
281,1,0.5,1,0,1,1.5,0.0005,20
282,2,1.1502,1,1,0,5.25,0.00115,20
283,2,0.5,1,1,0,5.25,0.0005,20
284,2,6.107,2,1,0,3.5,0.006107,31
285,3,1.4476,1,1,0,4.5,0.001448,70
286,2,0.5,1,1,0,5.25,0.0005,23
287,1,0.6032,1,0,1,1.5,0.000603,49
288,2,0.5,1,1,0,5.25,0.0005,29
289,3,0.5,1,1,0,4.5,0.0005,57
290,1,3.3517,2,0,1,1.0,0.003352,43
291,3,11.3015,2,1,0,3.0,0.011301,20
292,1,2.5081,1,0,1,1.5,0.002508,32
293,4,1.1064,1,0,0,3.0,0.001106,49
294,1,0.7876,1,0,1,1.5,0.000788,438
295,3,0.5,1,1,0,4.5,0.0005,20
296,4,9.5154,2,0,0,2.0,0.009515,32
297,4,1.0044,1,0,0,3.0,0.001004,20
298,3,10.0621,2,1,0,3.0,0.010062,20
299,3,4.8874,2,1,0,3.0,0.004887,21
300,3,0.5,1,1,0,4.5,0.0005,28
301,3,0.6233,1,1,0,4.5,0.000623,21
302,1,0.6213,1,0,1,1.5,0.000621,24
303,3,1.12,1,1,0,4.5,0.00112,21
304,3,1.1421,1,1,0,4.5,0.001142,29
305,4,24.2735,3,0,0,1.6,0.024274,28
306,3,0.5,1,1,0,4.5,0.0005,200
307,2,1.5252,1,1,0,5.25,0.001525,20
308,3,2.2471,1,1,0,4.5,0.002247,63
309,2,1.2112,1,1,0,5.25,0.001211,27
310,1,1.3544,1,0,1,1.5,0.001354,20
311,3,0.5,1,1,0,4.5,0.0005,20
312,2,1.3494,1,1,0,5.25,0.001349,21
313,2,2.0229,1,1,0,5.25,0.002023,20
314,2,1.6833,1,1,0,5.25,0.001683,20
315,2,2.1454,1,1,0,5.25,0.002145,26
316,2,4.9816,2,1,0,3.5,0.004982,20
317,2,3.096,2,1,0,3.5,0.003096,37
318,3,1.3027,1,1,0,4.5,0.001303,43
319,2,0.5,1,1,0,5.25,0.0005,20
320,4,0.6657,1,0,0,3.0,0.000666,34
321,4,0.9739,1,0,0,3.0,0.000974,80
322,3,1.5613,1,1,0,4.5,0.001561,20
323,2,0.7519,1,1,0,5.25,0.000752,20
324,3,0.5,1,1,0,4.5,0.0005,20
325,3,0.5,1,1,0,4.5,0.0005,31
326,3,0.5,1,1,0,4.5,0.0005,26
327,3,0.9591,1,1,0,4.5,0.000959,26
328,3,0.5,1,1,0,4.5,0.0005,32
329,3,0.5,1,1,0,4.5,0.0005,51
330,2,0.8181,1,1,0,5.25,0.000818,20
331,3,0.5,1,1,0,4.5,0.0005,38
332,2,1.7734,1,1,0,5.25,0.001773,1000
333,3,2.5431,1,1,0,4.5,0.002543,58
334,4,0.7003,1,0,0,3.0,0.0007,20
335,1,0.7836,1,0,1,1.5,0.000784,57
336,3,2.0763,1,1,0,4.5,0.002076,180
337,1,0.594,1,0,1,1.5,0.000594,25
338,3,0.5546,1,1,0,4.5,0.000555,42
339,1,4.0134,2,0,1,1.0,0.004013,107
340,4,2.9368,1,0,0,3.0,0.002937,53
341,1,2.2138,1,0,1,1.5,0.002214,73
342,4,3.0612,2,0,0,2.0,0.003061,27
343,3,0.5,1,1,0,4.5,0.0005,22
344,3,4.6973,2,1,0,3.0,0.004697,20
345,3,1.7954,1,1,0,4.5,0.001795,20
346,3,3.3332,2,1,0,3.0,0.003333,37
347,4,1.7866,1,0,0,3.0,0.001787,249
348,2,1.2739,1,1,0,5.25,0.001274,43
349,3,0.9211,1,1,0,4.5,0.000921,104
350,1,1.7512,1,0,1,1.5,0.001751,34
351,3,0.8882,1,1,0,4.5,0.000888,20
352,2,2.8893,1,1,0,5.25,0.002889,20
353,3,0.5,1,1,0,4.5,0.0005,23
354,3,0.7058,1,1,0,4.5,0.000706,269
355,3,9.3743,2,1,0,3.0,0.009374,20
356,3,0.6486,1,1,0,4.5,0.000649,38
357,3,0.9555,1,1,0,4.5,0.000955,47
358,3,0.5019,1,1,0,4.5,0.000502,20
359,3,1.6972,1,1,0,4.5,0.001697,22
360,3,0.5809,1,1,0,4.5,0.000581,24
361,4,1.0076,1,0,0,3.0,0.001008,44
362,1,2.8349,1,0,1,1.5,0.002835,492
363,1,0.6031,1,0,1,1.5,0.000603,73
364,1,2.6691,1,0,1,1.5,0.002669,77
365,3,2.7604,1,1,0,4.5,0.00276,26
366,2,3.4837,2,1,0,3.5,0.003484,36
367,3,1.3961,1,1,0,4.5,0.001396,20
368,3,31.013,3,1,0,2.4,0.031013,41
369,2,3.4823,2,1,0,3.5,0.003482,32
370,4,1.6787,1,0,0,3.0,0.001679,93
371,3,0.5052,1,1,0,4.5,0.000505,94
372,2,1.1009,1,1,0,5.25,0.001101,20
373,2,5.0504,2,1,0,3.5,0.00505,62
374,2,6.7038,2,1,0,3.5,0.006704,20
375,2,5.32,2,1,0,3.5,0.00532,41
376,1,2.66,1,0,1,1.5,0.00266,195
377,4,0.5,1,0,0,3.0,0.0005,25
378,2,1.9745,1,1,0,5.25,0.001974,29
379,2,0.5,1,1,0,5.25,0.0005,23
380,3,0.5,1,1,0,4.5,0.0005,21
381,3,1.5408,1,1,0,4.5,0.001541,72
382,4,2.0469,1,0,0,3.0,0.002047,101
383,3,2.9937,1,1,0,4.5,0.002994,23
384,3,1.9943,1,1,0,4.5,0.001994,26
385,2,2.0642,1,1,0,5.25,0.002064,25
386,4,0.5,1,0,0,3.0,0.0005,91
387,3,1.0922,1,1,0,4.5,0.001092,28
388,4,0.5,1,0,0,3.0,0.0005,72
389,1,0.5,1,0,1,1.5,0.0005,20
390,4,2.5441,1,0,0,3.0,0.002544,78
391,3,0.5712,1,1,0,4.5,0.000571,20
392,1,2.9027,1,0,1,1.5,0.002903,56
393,3,3.6748,2,1,0,3.0,0.003675,50
394,3,0.653,1,1,0,4.5,0.000653,31
395,1,2.189,1,0,1,1.5,0.002189,32
396,3,0.6262,1,1,0,4.5,0.000626,20
397,3,0.5,1,1,0,4.5,0.0005,32
398,2,1.3723,1,1,0,5.25,0.001372,595
399,3,0.7575,1,1,0,4.5,0.000758,20
400,2,0.7812,1,1,0,5.25,0.000781,36
401,2,8.7451,2,1,0,3.5,0.008745,35
402,4,0.5,1,0,0,3.0,0.0005,24
403,3,1.7789,1,1,0,4.5,0.001779,20
404,1,0.5,1,0,1,1.5,0.0005,34
405,4,3.0084,2,0,0,2.0,0.003008,23
406,4,1.6349,1,0,0,3.0,0.001635,27
407,2,1.7727,1,1,0,5.25,0.001773,161
408,3,0.5,1,1,0,4.5,0.0005,21
409,1,0.5641,1,0,1,1.5,0.000564,25
410,4,3.0661,2,0,0,2.0,0.003066,24
411,3,7.1274,2,1,0,3.0,0.007127,110
412,3,1.961,1,1,0,4.5,0.001961,105
413,1,0.5,1,0,1,1.5,0.0005,42
414,4,1.7025,1,0,0,3.0,0.001702,58
415,1,13.7442,2,0,1,1.0,0.013744,169
416,2,1.3439,1,1,0,5.25,0.001344,144
417,1,5.233,2,0,1,1.0,0.005233,20
418,3,0.5786,1,1,0,4.5,0.000579,34
419,2,1.1631,1,1,0,5.25,0.001163,23
420,4,2.254,1,0,0,3.0,0.002254,50
421,3,1.8048,1,1,0,4.5,0.001805,21
422,1,0.5637,1,0,1,1.5,0.000564,63
423,1,0.5399,1,0,1,1.5,0.00054,34
424,1,3.259,2,0,1,1.0,0.003259,21
425,3,3.9936,2,1,0,3.0,0.003994,20
426,3,5.503,2,1,0,3.0,0.005503,27
427,2,7.3675,2,1,0,3.5,0.007367,136
428,3,1.3879,1,1,0,4.5,0.001388,30
429,1,0.8886,1,0,1,1.5,0.000889,40
430,3,4.6839,2,1,0,3.0,0.004684,24
431,4,2.4749,1,0,0,3.0,0.002475,44
432,3,0.5,1,1,0,4.5,0.0005,49
433,3,0.5,1,1,0,4.5,0.0005,74
434,3,1.9839,1,1,0,4.5,0.001984,21
435,1,1.016,1,0,1,1.5,0.001016,25
436,2,1.1814,1,1,0,5.25,0.001181,26
437,1,3.5455,2,0,1,1.0,0.003546,23
438,3,2.5914,1,1,0,4.5,0.002591,76
439,3,4.5861,2,1,0,3.0,0.004586,69
440,3,0.5,1,1,0,4.5,0.0005,26
441,4,1.5629,1,0,0,3.0,0.001563,216
442,2,2.4299,1,1,0,5.25,0.00243,20
443,3,0.5,1,1,0,4.5,0.0005,62
444,2,0.6302,1,1,0,5.25,0.00063,20
445,2,0.5234,1,1,0,5.25,0.000523,46
446,3,1.2397,1,1,0,4.5,0.00124,33
447,4,6.178,2,0,0,2.0,0.006178,25
448,3,9.1682,2,1,0,3.0,0.009168,47
449,1,0.5373,1,0,1,1.5,0.000537,131
450,3,2.0538,1,1,0,4.5,0.002054,20
451,1,2.1211,1,0,1,1.5,0.002121,32
452,4,1.7874,1,0,0,3.0,0.001787,21
453,3,1.8078,1,1,0,4.5,0.001808,56
454,2,1.6436,1,1,0,5.25,0.001644,44
455,1,6.5582,2,0,1,1.0,0.006558,20
456,2,3.6532,2,1,0,3.5,0.003653,22
457,4,0.5,1,0,0,3.0,0.0005,37
458,3,2.6882,1,1,0,4.5,0.002688,33
459,3,2.961,1,1,0,4.5,0.002961,77
460,3,1.6622,1,1,0,4.5,0.001662,48
461,3,3.7606,2,1,0,3.0,0.003761,21
462,1,1.4641,1,0,1,1.5,0.001464,22
463,4,1.4823,1,0,0,3.0,0.001482,32
464,2,1.3694,1,1,0,5.25,0.001369,25
465,3,0.5,1,1,0,4.5,0.0005,34
466,3,1.1194,1,1,0,4.5,0.001119,24
467,3,0.6218,1,1,0,4.5,0.000622,20
468,4,0.5,1,0,0,3.0,0.0005,21
469,1,5.0894,2,0,1,1.0,0.005089,67
470,3,2.0084,1,1,0,4.5,0.002008,107
471,2,1.1774,1,1,0,5.25,0.001177,28
472,3,0.6896,1,1,0,4.5,0.00069,25
473,1,1.6312,1,0,1,1.5,0.001631,28
474,1,3.2693,2,0,1,1.0,0.003269,39
475,2,0.5306,1,1,0,5.25,0.000531,22
476,2,1.2072,1,1,0,5.25,0.001207,22
477,2,2.8899,1,1,0,5.25,0.00289,25
478,3,0.5,1,1,0,4.5,0.0005,90
479,3,1.1452,1,1,0,4.5,0.001145,21
480,2,0.7897,1,1,0,5.25,0.00079,65
481,2,1.0611,1,1,0,5.25,0.001061,20
482,2,0.7346,1,1,0,5.25,0.000735,30
483,3,1.392,1,1,0,4.5,0.001392,29
484,2,8.3043,2,1,0,3.5,0.008304,41
485,1,0.8774,1,0,1,1.5,0.000877,60
486,2,1.6239,1,1,0,5.25,0.001624,33
487,3,8.9164,2,1,0,3.0,0.008916,29
488,2,0.6999,1,1,0,5.25,0.0007,32
489,3,7.4471,2,1,0,3.0,0.007447,26
490,3,1.2195,1,1,0,4.5,0.00122,102
491,3,7.2069,2,1,0,3.0,0.007207,111
492,3,2.5686,1,1,0,4.5,0.002569,30
493,3,1.6491,1,1,0,4.5,0.001649,33
494,2,1.136,1,1,0,5.25,0.001136,77
495,3,0.6499,1,1,0,4.5,0.00065,60
496,3,1.3086,1,1,0,4.5,0.001309,34
497,2,2.9758,1,1,0,5.25,0.002976,815
498,3,1.1973,1,1,0,4.5,0.001197,25
499,2,0.8838,1,1,0,5.25,0.000884,56
500,3,0.944,1,1,0,4.5,0.000944,64
501,3,3.2727,2,1,0,3.0,0.003273,22
502,4,4.1301,2,0,0,2.0,0.00413,34
503,4,0.6225,1,0,0,3.0,0.000623,20
504,3,0.6216,1,1,0,4.5,0.000622,44
505,3,1.7727,1,1,0,4.5,0.001773,104
506,3,5.5883,2,1,0,3.0,0.005588,50
507,2,3.8158,2,1,0,3.5,0.003816,39
508,3,0.5,1,1,0,4.5,0.0005,20
509,3,0.9315,1,1,0,4.5,0.000932,30
510,1,0.5,1,0,1,1.5,0.0005,21
511,1,0.9283,1,0,1,1.5,0.000928,23
512,3,6.0349,2,1,0,3.0,0.006035,21
513,1,0.5,1,0,1,1.5,0.0005,104
514,2,0.5,1,1,0,5.25,0.0005,54
515,2,0.5297,1,1,0,5.25,0.00053,49
516,2,1.6168,1,1,0,5.25,0.001617,31
517,2,2.2567,1,1,0,5.25,0.002257,20
518,3,1.8787,1,1,0,4.5,0.001879,36
519,1,3.9308,2,0,1,1.0,0.003931,84
520,3,0.5,1,1,0,4.5,0.0005,20
521,4,3.9808,2,0,0,2.0,0.003981,88
522,2,0.8879,1,1,0,5.25,0.000888,25
523,2,2.521,1,1,0,5.25,0.002521,20
524,3,0.5,1,1,0,4.5,0.0005,120
525,1,1.2191,1,0,1,1.5,0.001219,25
526,2,1.5364,1,1,0,5.25,0.001536,20
527,4,3.8532,2,0,0,2.0,0.003853,20
528,4,0.5,1,0,0,3.0,0.0005,23
529,3,1.2509,1,1,0,4.5,0.001251,20
530,2,0.5,1,1,0,5.25,0.0005,28
531,3,2.011,1,1,0,4.5,0.002011,32
532,3,2.6389,1,1,0,4.5,0.002639,396
533,2,4.3943,2,1,0,3.5,0.004394,26
534,3,0.7104,1,1,0,4.5,0.00071,24
535,1,3.066,2,0,1,1.0,0.003066,38
536,2,4.7306,2,1,0,3.5,0.004731,55
537,3,0.5,1,1,0,4.5,0.0005,44
538,2,2.2378,1,1,0,5.25,0.002238,115
539,2,3.1634,2,1,0,3.5,0.003163,21
540,3,0.9365,1,1,0,4.5,0.000937,44
541,4,0.5,1,0,0,3.0,0.0005,84
542,3,3.1146,2,1,0,3.0,0.003115,24
543,3,0.5,1,1,0,4.5,0.0005,26
544,4,1.0149,1,0,0,3.0,0.001015,22
545,1,1.1654,1,0,1,1.5,0.001165,76
546,2,2.4811,1,1,0,5.25,0.002481,58
547,2,0.6482,1,1,0,5.25,0.000648,23
548,1,0.6117,1,0,1,1.5,0.000612,30
549,3,1.3392,1,1,0,4.5,0.001339,43
550,2,3.3186,2,1,0,3.5,0.003319,25
551,3,11.9484,2,1,0,3.0,0.011948,76
552,2,0.5,1,1,0,5.25,0.0005,65
553,2,1.6628,1,1,0,5.25,0.001663,25
554,4,0.5,1,0,0,3.0,0.0005,36
555,1,3.3601,2,0,1,1.0,0.00336,28
556,2,0.5,1,1,0,5.25,0.0005,29
557,2,0.6179,1,1,0,5.25,0.000618,22
558,3,0.6729,1,1,0,4.5,0.000673,20
559,3,1.1241,1,1,0,4.5,0.001124,20
560,3,1.6759,1,1,0,4.5,0.001676,30
561,1,1.9677,1,0,1,1.5,0.001968,591
562,2,1.2061,1,1,0,5.25,0.001206,24
563,3,0.5,1,1,0,4.5,0.0005,387
564,3,2.5116,1,1,0,4.5,0.002512,56
565,3,1.1505,1,1,0,4.5,0.00115,83
566,3,3.8763,2,1,0,3.0,0.003876,48
567,3,0.5977,1,1,0,4.5,0.000598,20
568,1,0.5,1,0,1,1.5,0.0005,21
569,2,1.1725,1,1,0,5.25,0.001172,20
570,3,4.4331,2,1,0,3.0,0.004433,20
571,2,1.4249,1,1,0,5.25,0.001425,22
572,3,0.9935,1,1,0,4.5,0.000993,977
573,3,0.508,1,1,0,4.5,0.000508,71
574,3,7.0351,2,1,0,3.0,0.007035,22
575,4,0.5,1,0,0,3.0,0.0005,51
576,3,0.5873,1,1,0,4.5,0.000587,33
577,4,2.1451,1,0,0,3.0,0.002145,73
578,3,0.5,1,1,0,4.5,0.0005,90
579,4,4.3394,2,0,0,2.0,0.004339,20
580,2,2.2645,1,1,0,5.25,0.002264,37
581,3,2.9814,1,1,0,4.5,0.002981,39
582,3,2.1197,1,1,0,4.5,0.00212,64
583,1,1.0325,1,0,1,1.5,0.001033,21
584,2,0.5,1,1,0,5.25,0.0005,20
585,4,1.0545,1,0,0,3.0,0.001055,21
586,3,0.5,1,1,0,4.5,0.0005,21
587,2,1.9725,1,1,0,5.25,0.001973,20
588,2,2.7181,1,1,0,5.25,0.002718,36
589,2,5.3119,2,1,0,3.5,0.005312,39
590,1,1.7593,1,0,1,1.5,0.001759,27
591,4,3.0579,2,0,0,2.0,0.003058,88
592,2,0.9012,1,1,0,5.25,0.000901,23
593,2,0.7519,1,1,0,5.25,0.000752,28
594,3,1.948,1,1,0,4.5,0.001948,45
595,1,0.8242,1,0,1,1.5,0.000824,22
596,2,1.5878,1,1,0,5.25,0.001588,58
597,3,0.5,1,1,0,4.5,0.0005,124
598,3,0.5023,1,1,0,4.5,0.000502,34
599,4,2.29,1,0,0,3.0,0.00229,20
600,3,2.9442,1,1,0,4.5,0.002944,117
601,3,0.5,1,1,0,4.5,0.0005,1000
602,3,2.3721,1,1,0,4.5,0.002372,23
603,4,0.7121,1,0,0,3.0,0.000712,40
604,3,1.2332,1,1,0,4.5,0.001233,57
605,4,5.0033,2,0,0,2.0,0.005003,46
606,3,2.72,1,1,0,4.5,0.00272,20
607,4,2.6886,1,0,0,3.0,0.002689,20
608,1,8.182,2,0,1,1.0,0.008182,53
609,3,0.6001,1,1,0,4.5,0.0006,22
610,2,0.5,1,1,0,5.25,0.0005,30
611,3,0.5892,1,1,0,4.5,0.000589,20
612,3,0.9405,1,1,0,4.5,0.00094,66
613,4,0.5,1,0,0,3.0,0.0005,105
614,4,0.9858,1,0,0,3.0,0.000986,22
615,2,0.7037,1,1,0,5.25,0.000704,87
616,3,2.6562,1,1,0,4.5,0.002656,20
617,3,1.7256,1,1,0,4.5,0.001726,20
618,2,0.6653,1,1,0,5.25,0.000665,20
619,1,2.1883,1,0,1,1.5,0.002188,47
620,1,2.5003,1,0,1,1.5,0.0025,20
621,3,0.5625,1,1,0,4.5,0.000562,29
622,3,0.7409,1,1,0,4.5,0.000741,54
623,4,0.5,1,0,0,3.0,0.0005,91
624,3,0.5,1,1,0,4.5,0.0005,28
625,4,0.5773,1,0,0,3.0,0.000577,34
626,2,1.3064,1,1,0,5.25,0.001306,58
627,3,0.5,1,1,0,4.5,0.0005,58
628,1,0.7259,1,0,1,1.5,0.000726,24
629,3,0.5,1,1,0,4.5,0.0005,31
630,3,1.4394,1,1,0,4.5,0.001439,54
631,4,1.8568,1,0,0,3.0,0.001857,1000
632,3,1.814,1,1,0,4.5,0.001814,114
633,1,1.2281,1,0,1,1.5,0.001228,36
634,2,0.5,1,1,0,5.25,0.0005,25
635,1,0.6526,1,0,1,1.5,0.000653,20
636,1,0.8072,1,0,1,1.5,0.000807,20
637,3,0.8105,1,1,0,4.5,0.00081,24
638,3,1.3075,1,1,0,4.5,0.001308,77
639,3,5.0465,2,1,0,3.0,0.005046,66
640,4,2.7326,1,0,0,3.0,0.002733,24
641,3,0.5,1,1,0,4.5,0.0005,30
642,3,2.3906,1,1,0,4.5,0.002391,53
643,1,2.3012,1,0,1,1.5,0.002301,23
644,2,0.5418,1,1,0,5.25,0.000542,20
645,3,2.8349,1,1,0,4.5,0.002835,34
646,4,1.0333,1,0,0,3.0,0.001033,48
647,1,0.5,1,0,1,1.5,0.0005,45
648,3,1.9124,1,1,0,4.5,0.001912,69
649,3,1.507,1,1,0,4.5,0.001507,35
650,1,0.9661,1,0,1,1.5,0.000966,51
651,2,1.1685,1,1,0,5.25,0.001168,48
652,4,0.591,1,0,0,3.0,0.000591,38
653,3,2.2328,1,1,0,4.5,0.002233,41
654,2,1.1615,1,1,0,5.25,0.001161,37
655,4,1.4328,1,0,0,3.0,0.001433,30
656,2,1.7338,1,1,0,5.25,0.001734,30
657,4,0.5,1,0,0,3.0,0.0005,57
658,2,0.5,1,1,0,5.25,0.0005,82
659,3,0.5,1,1,0,4.5,0.0005,20
660,2,2.1338,1,1,0,5.25,0.002134,24
661,2,0.5,1,1,0,5.25,0.0005,55
662,4,1.385,1,0,0,3.0,0.001385,22
663,2,1.7579,1,1,0,5.25,0.001758,55
664,1,2.2155,1,0,1,1.5,0.002216,20
665,2,0.5,1,1,0,5.25,0.0005,25
666,3,1.1365,1,1,0,4.5,0.001137,20
667,3,6.4458,2,1,0,3.0,0.006446,20
668,4,6.736,2,0,0,2.0,0.006736,60
669,2,3.2559,2,1,0,3.5,0.003256,71
670,2,1.7,1,1,0,5.25,0.0017,64
671,1,0.5,1,0,1,1.5,0.0005,24
672,3,2.4887,1,1,0,4.5,0.002489,21
673,4,1.0358,1,0,0,3.0,0.001036,20
674,3,2.1248,1,1,0,4.5,0.002125,212
675,3,0.6442,1,1,0,4.5,0.000644,64
676,2,1.0204,1,1,0,5.25,0.00102,20
677,4,1.4295,1,0,0,3.0,0.001429,20
678,3,1.5518,1,1,0,4.5,0.001552,22
679,1,1.9875,1,0,1,1.5,0.001987,25
680,2,0.6797,1,1,0,5.25,0.00068,36
681,1,0.5,1,0,1,1.5,0.0005,56
682,2,6.1591,2,1,0,3.5,0.006159,63
683,1,14.6202,2,0,1,1.0,0.01462,30
684,3,1.8976,1,1,0,4.5,0.001898,24
685,3,0.5,1,1,0,4.5,0.0005,48
686,2,0.5599,1,1,0,5.25,0.00056,40
687,2,2.0183,1,1,0,5.25,0.002018,107
688,4,4.6379,2,0,0,2.0,0.004638,20
689,3,0.5,1,1,0,4.5,0.0005,20
690,3,1.0712,1,1,0,4.5,0.001071,76
691,2,1.4756,1,1,0,5.25,0.001476,24
692,4,2.8798,1,0,0,3.0,0.00288,20
693,2,0.8603,1,1,0,5.25,0.00086,24
694,2,0.5,1,1,0,5.25,0.0005,521
695,4,2.2577,1,0,0,3.0,0.002258,305
696,3,3.7357,2,1,0,3.0,0.003736,20
697,3,1.1169,1,1,0,4.5,0.001117,20
698,3,1.8192,1,1,0,4.5,0.001819,20
699,3,0.7548,1,1,0,4.5,0.000755,21
700,2,0.5207,1,1,0,5.25,0.000521,24
701,2,3.3857,2,1,0,3.5,0.003386,27
702,2,1.7872,1,1,0,5.25,0.001787,31
703,2,1.9808,1,1,0,5.25,0.001981,20
704,4,5.4481,2,0,0,2.0,0.005448,43
705,2,0.5,1,1,0,5.25,0.0005,25
706,3,0.6985,1,1,0,4.5,0.000698,26
707,3,1.4206,1,1,0,4.5,0.001421,22
708,3,0.6899,1,1,0,4.5,0.00069,25
709,2,2.6546,1,1,0,5.25,0.002655,22
710,3,1.0058,1,1,0,4.5,0.001006,29
711,4,0.5,1,0,0,3.0,0.0005,134
712,3,1.2955,1,1,0,4.5,0.001296,55
713,3,1.4383,1,1,0,4.5,0.001438,87
714,4,3.0889,2,0,0,2.0,0.003089,36
715,3,1.7973,1,1,0,4.5,0.001797,21
716,2,1.9238,1,1,0,5.25,0.001924,42
717,3,1.671,1,1,0,4.5,0.001671,20
718,1,1.0049,1,0,1,1.5,0.001005,34
719,3,0.5927,1,1,0,4.5,0.000593,27
720,4,1.6193,1,0,0,3.0,0.001619,20
721,3,0.8694,1,1,0,4.5,0.000869,82
722,2,6.573,2,1,0,3.5,0.006573,20
723,1,4.6429,2,0,1,1.0,0.004643,21
724,4,2.2841,1,0,0,3.0,0.002284,92
725,1,1.7711,1,0,1,1.5,0.001771,21
726,1,1.1109,1,0,1,1.5,0.001111,27
727,2,0.5,1,1,0,5.25,0.0005,24
728,1,0.9772,1,0,1,1.5,0.000977,53
729,3,1.3425,1,1,0,4.5,0.001343,25
730,3,1.5259,1,1,0,4.5,0.001526,47
731,2,1.94,1,1,0,5.25,0.00194,75
732,1,3.048,2,0,1,1.0,0.003048,20
733,1,0.6071,1,0,1,1.5,0.000607,41
734,2,0.6127,1,1,0,5.25,0.000613,70
735,1,5.1759,2,0,1,1.0,0.005176,24
736,3,2.6225,1,1,0,4.5,0.002623,185
737,2,0.8207,1,1,0,5.25,0.000821,26
738,2,1.0897,1,1,0,5.25,0.00109,31
739,2,1.0946,1,1,0,5.25,0.001095,34
740,2,1.252,1,1,0,5.25,0.001252,61
741,1,1.9461,1,0,1,1.5,0.001946,20
742,1,15.3044,3,0,1,0.8,0.015304,21
743,4,1.4665,1,0,0,3.0,0.001467,28
744,1,2.3531,1,0,1,1.5,0.002353,20
745,3,0.5,1,1,0,4.5,0.0005,20
746,3,0.747,1,1,0,4.5,0.000747,20
747,2,4.1452,2,1,0,3.5,0.004145,359
748,2,1.8139,1,1,0,5.25,0.001814,21
749,3,0.5,1,1,0,4.5,0.0005,21
750,3,2.3802,1,1,0,4.5,0.00238,28
751,2,8.2591,2,1,0,3.5,0.008259,27
752,2,0.5,1,1,0,5.25,0.0005,325
753,2,5.543,2,1,0,3.5,0.005543,30
754,3,0.5,1,1,0,4.5,0.0005,35
755,3,3.0992,2,1,0,3.0,0.003099,25
756,2,1.2026,1,1,0,5.25,0.001203,32
757,2,0.5,1,1,0,5.25,0.0005,26
758,4,1.8951,1,0,0,3.0,0.001895,28
759,1,3.8343,2,0,1,1.0,0.003834,64
760,3,1.7455,1,1,0,4.5,0.001745,82
761,3,2.1771,1,1,0,4.5,0.002177,20
762,2,0.8037,1,1,0,5.25,0.000804,20
763,1,0.5,1,0,1,1.5,0.0005,146
764,1,2.423,1,0,1,1.5,0.002423,20
765,4,6.979,2,0,0,2.0,0.006979,34
766,1,3.7536,2,0,1,1.0,0.003754,37
767,2,0.5,1,1,0,5.25,0.0005,20
768,1,0.5,1,0,1,1.5,0.0005,41
769,1,0.5206,1,0,1,1.5,0.000521,73
770,3,0.5,1,1,0,4.5,0.0005,27
771,2,1.2679,1,1,0,5.25,0.001268,20
772,3,1.7978,1,1,0,4.5,0.001798,40
773,3,0.5,1,1,0,4.5,0.0005,565
774,3,2.6387,1,1,0,4.5,0.002639,23
775,1,2.2128,1,0,1,1.5,0.002213,31
776,4,0.7012,1,0,0,3.0,0.000701,20
777,3,1.0208,1,1,0,4.5,0.001021,31
778,2,0.5,1,1,0,5.25,0.0005,20
779,3,0.8701,1,1,0,4.5,0.00087,21
780,4,1.2221,1,0,0,3.0,0.001222,20
781,2,1.436,1,1,0,5.25,0.001436,25
782,4,1.7718,1,0,0,3.0,0.001772,22
783,3,1.5487,1,1,0,4.5,0.001549,199
784,3,0.9313,1,1,0,4.5,0.000931,26
785,4,1.615,1,0,0,3.0,0.001615,22
786,2,3.3041,2,1,0,3.5,0.003304,27
787,3,1.1026,1,1,0,4.5,0.001103,108
788,2,1.6665,1,1,0,5.25,0.001667,34
789,3,1.007,1,1,0,4.5,0.001007,75
790,3,0.6353,1,1,0,4.5,0.000635,104
791,2,2.0463,1,1,0,5.25,0.002046,20
792,2,0.6962,1,1,0,5.25,0.000696,119
793,2,1.7848,1,1,0,5.25,0.001785,23
794,1,1.2478,1,0,1,1.5,0.001248,57
795,1,0.8951,1,0,1,1.5,0.000895,42
796,2,0.8737,1,1,0,5.25,0.000874,20
797,1,0.7298,1,0,1,1.5,0.00073,52
798,2,0.5,1,1,0,5.25,0.0005,33
799,3,1.779,1,1,0,4.5,0.001779,54
800,3,1.5291,1,1,0,4.5,0.001529,71
801,3,2.8372,1,1,0,4.5,0.002837,26
802,2,0.713,1,1,0,5.25,0.000713,50
803,4,8.073,2,0,0,2.0,0.008073,22
804,3,0.8298,1,1,0,4.5,0.00083,46
805,1,0.5056,1,0,1,1.5,0.000506,22
806,1,0.5,1,0,1,1.5,0.0005,21
807,3,0.5,1,1,0,4.5,0.0005,27
808,2,5.6169,2,1,0,3.5,0.005617,21
809,3,4.7789,2,1,0,3.0,0.004779,58
810,4,2.212,1,0,0,3.0,0.002212,124
811,1,0.5,1,0,1,1.5,0.0005,27
812,1,7.4217,2,0,1,1.0,0.007422,31
813,4,0.8534,1,0,0,3.0,0.000853,30
814,3,0.9269,1,1,0,4.5,0.000927,36
815,1,5.1059,2,0,1,1.0,0.005106,59
816,4,2.3445,1,0,0,3.0,0.002344,27
817,4,10.96,2,0,0,2.0,0.01096,40
818,3,1.5556,1,1,0,4.5,0.001556,35
819,3,0.8156,1,1,0,4.5,0.000816,37
820,2,0.6579,1,1,0,5.25,0.000658,52
821,1,0.5,1,0,1,1.5,0.0005,23
822,3,0.9181,1,1,0,4.5,0.000918,62
823,2,3.8104,2,1,0,3.5,0.00381,33
824,3,2.2078,1,1,0,4.5,0.002208,34
825,3,1.2379,1,1,0,4.5,0.001238,20
826,1,0.5,1,0,1,1.5,0.0005,106
827,3,1.522,1,1,0,4.5,0.001522,170
828,2,3.34,2,1,0,3.5,0.00334,132
829,4,1.8661,1,0,0,3.0,0.001866,26
830,2,1.4332,1,1,0,5.25,0.001433,31
831,3,0.5467,1,1,0,4.5,0.000547,45
832,3,2.8873,1,1,0,4.5,0.002887,43
833,2,0.5,1,1,0,5.25,0.0005,28
834,3,1.7789,1,1,0,4.5,0.001779,34
835,3,15.8548,3,1,0,2.4,0.015855,128
836,3,0.5,1,1,0,4.5,0.0005,21
837,3,0.9529,1,1,0,4.5,0.000953,43
838,4,1.2035,1,0,0,3.0,0.001204,20
839,2,0.7638,1,1,0,5.25,0.000764,50
840,3,3.4196,2,1,0,3.0,0.00342,393
841,1,1.9457,1,0,1,1.5,0.001946,231
842,3,1.4126,1,1,0,4.5,0.001413,137
843,3,2.6924,1,1,0,4.5,0.002692,20
844,2,1.2336,1,1,0,5.25,0.001234,20
845,1,29.1662,3,0,1,0.8,0.029166,30
846,4,1.4113,1,0,0,3.0,0.001411,20
847,2,1.4747,1,1,0,5.25,0.001475,29
848,3,0.5,1,1,0,4.5,0.0005,20
849,1,0.7045,1,0,1,1.5,0.000704,30
850,4,3.821,2,0,0,2.0,0.003821,317
851,2,0.5,1,1,0,5.25,0.0005,41
852,2,0.5,1,1,0,5.25,0.0005,24
853,4,1.2529,1,0,0,3.0,0.001253,215
854,4,4.7774,2,0,0,2.0,0.004777,22
855,2,1.2656,1,1,0,5.25,0.001266,45
856,3,0.8668,1,1,0,4.5,0.000867,69
857,3,0.5,1,1,0,4.5,0.0005,63
858,4,1.9068,1,0,0,3.0,0.001907,33
859,2,2.35,1,1,0,5.25,0.00235,31
860,3,0.5,1,1,0,4.5,0.0005,20
861,3,3.7723,2,1,0,3.0,0.003772,24
862,3,2.6087,1,1,0,4.5,0.002609,410
863,3,3.7639,2,1,0,3.0,0.003764,32
864,3,2.1742,1,1,0,4.5,0.002174,22
865,1,2.3322,1,0,1,1.5,0.002332,29
866,4,2.0419,1,0,0,3.0,0.002042,21
867,4,2.891,1,0,0,3.0,0.002891,34
868,3,0.5,1,1,0,4.5,0.0005,20
869,1,0.5,1,0,1,1.5,0.0005,21
870,2,0.5811,1,1,0,5.25,0.000581,28
871,3,1.0654,1,1,0,4.5,0.001065,27
872,1,1.7883,1,0,1,1.5,0.001788,46
873,4,1.6784,1,0,0,3.0,0.001678,33
874,2,3.7071,2,1,0,3.5,0.003707,34
875,3,3.8253,2,1,0,3.0,0.003825,56
876,4,0.507,1,0,0,3.0,0.000507,29
877,2,1.5399,1,1,0,5.25,0.00154,38
878,2,0.5196,1,1,0,5.25,0.00052,24
879,3,1.0049,1,1,0,4.5,0.001005,59
880,3,1.6735,1,1,0,4.5,0.001674,20
881,2,0.5,1,1,0,5.25,0.0005,23
882,3,13.523,2,1,0,3.0,0.013523,118
883,4,2.1373,1,0,0,3.0,0.002137,38
884,3,0.6686,1,1,0,4.5,0.000669,98
885,2,8.3354,2,1,0,3.5,0.008335,30
886,2,0.857,1,1,0,5.25,0.000857,61
887,2,1.385,1,1,0,5.25,0.001385,43
888,1,0.7453,1,0,1,1.5,0.000745,24
889,2,6.329,2,1,0,3.5,0.006329,52
890,3,1.0922,1,1,0,4.5,0.001092,98
891,2,1.4086,1,1,0,5.25,0.001409,20
892,4,4.0428,2,0,0,2.0,0.004043,129
893,2,2.1777,1,1,0,5.25,0.002178,30
894,1,1.1489,1,0,1,1.5,0.001149,21
895,3,3.6823,2,1,0,3.0,0.003682,20
896,4,15.3579,3,0,0,1.6,0.015358,20
897,2,1.6662,1,1,0,5.25,0.001666,37
898,2,1.3633,1,1,0,5.25,0.001363,26
899,2,1.4387,1,1,0,5.25,0.001439,26
900,3,4.4977,2,1,0,3.0,0.004498,56
901,3,0.6663,1,1,0,4.5,0.000666,107
902,2,0.9184,1,1,0,5.25,0.000918,24
903,1,0.5,1,0,1,1.5,0.0005,20
904,3,0.5,1,1,0,4.5,0.0005,29
905,4,0.7228,1,0,0,3.0,0.000723,20
906,3,1.1471,1,1,0,4.5,0.001147,20
907,3,7.1152,2,1,0,3.0,0.007115,150
908,1,2.0733,1,0,1,1.5,0.002073,28
909,2,0.5,1,1,0,5.25,0.0005,24
910,2,0.5858,1,1,0,5.25,0.000586,182
911,3,4.7965,2,1,0,3.0,0.004797,64
912,4,3.7425,2,0,0,2.0,0.003743,25
913,4,1.2477,1,0,0,3.0,0.001248,68
914,4,0.7793,1,0,0,3.0,0.000779,36
915,4,3.7362,2,0,0,2.0,0.003736,22
916,4,0.5,1,0,0,3.0,0.0005,80
917,1,1.7953,1,0,1,1.5,0.001795,25
918,1,11.773,2,0,1,1.0,0.011773,62
919,2,1.4896,1,1,0,5.25,0.00149,21
920,3,0.5585,1,1,0,4.5,0.000559,20
921,1,1.8285,1,0,1,1.5,0.001829,20
922,3,0.7582,1,1,0,4.5,0.000758,30
923,3,0.5,1,1,0,4.5,0.0005,61
924,3,2.4453,1,1,0,4.5,0.002445,20
925,2,3.7098,2,1,0,3.5,0.00371,20
926,2,0.8889,1,1,0,5.25,0.000889,45
927,2,0.8319,1,1,0,5.25,0.000832,54
928,4,0.5,1,0,0,3.0,0.0005,905
929,3,1.0442,1,1,0,4.5,0.001044,64
930,3,0.6913,1,1,0,4.5,0.000691,20
931,2,0.5,1,1,0,5.25,0.0005,30
932,2,8.0471,2,1,0,3.5,0.008047,62
933,2,1.9341,1,1,0,5.25,0.001934,59
934,3,2.1502,1,1,0,4.5,0.00215,30
935,3,2.9345,1,1,0,4.5,0.002935,20
936,2,2.6226,1,1,0,5.25,0.002623,36
937,4,0.8025,1,0,0,3.0,0.000803,22
938,1,1.5931,1,0,1,1.5,0.001593,20
939,4,0.9269,1,0,0,3.0,0.000927,37
940,1,1.8806,1,0,1,1.5,0.001881,22
941,2,1.7072,1,1,0,5.25,0.001707,20
942,3,0.8274,1,1,0,4.5,0.000827,176
943,2,0.5,1,1,0,5.25,0.0005,20
944,2,1.4041,1,1,0,5.25,0.001404,20
945,2,0.9889,1,1,0,5.25,0.000989,20
946,2,0.5,1,1,0,5.25,0.0005,38
947,3,2.0154,1,1,0,4.5,0.002015,44
948,4,3.1851,2,0,0,2.0,0.003185,23
949,4,15.2032,3,0,0,1.6,0.015203,97
950,2,0.8203,1,1,0,5.25,0.00082,36
951,3,0.7078,1,1,0,4.5,0.000708,28
952,2,0.5,1,1,0,5.25,0.0005,20
953,2,1.4945,1,1,0,5.25,0.001494,33
954,2,1.4851,1,1,0,5.25,0.001485,20
955,4,0.5389,1,0,0,3.0,0.000539,37
956,4,1.0184,1,0,0,3.0,0.001018,191
957,3,0.5,1,1,0,4.5,0.0005,20
958,3,3.0634,2,1,0,3.0,0.003063,195
959,3,0.5613,1,1,0,4.5,0.000561,50
960,3,1.1717,1,1,0,4.5,0.001172,124
961,3,0.5,1,1,0,4.5,0.0005,48
962,2,0.6776,1,1,0,5.25,0.000678,152
963,1,0.9172,1,0,1,1.5,0.000917,152
964,1,1.1994,1,0,1,1.5,0.001199,25
965,4,1.9599,1,0,0,3.0,0.00196,20
966,3,5.1152,2,1,0,3.0,0.005115,28
967,4,2.524,1,0,0,3.0,0.002524,32
968,2,3.175,2,1,0,3.5,0.003175,20
969,3,5.1513,2,1,0,3.0,0.005151,23
970,2,2.1444,1,1,0,5.25,0.002144,20
971,2,1.1693,1,1,0,5.25,0.001169,33
972,1,3.3276,2,0,1,1.0,0.003328,26
973,1,3.5472,2,0,1,1.0,0.003547,24
974,4,2.3203,1,0,0,3.0,0.00232,25
975,2,0.5,1,1,0,5.25,0.0005,22
976,3,0.5229,1,1,0,4.5,0.000523,23
977,3,0.9215,1,1,0,4.5,0.000922,24
978,2,2.6453,1,1,0,5.25,0.002645,72
979,3,1.1874,1,1,0,4.5,0.001187,226
980,2,3.7811,2,1,0,3.5,0.003781,36
981,4,4.5194,2,0,0,2.0,0.004519,20
982,3,4.0242,2,1,0,3.0,0.004024,37
983,3,4.0499,2,1,0,3.0,0.00405,23
984,3,0.5,1,1,0,4.5,0.0005,29
985,2,1.9656,1,1,0,5.25,0.001966,130
986,4,0.6607,1,0,0,3.0,0.000661,41
987,2,0.5,1,1,0,5.25,0.0005,20
988,1,0.91,1,0,1,1.5,0.00091,50
989,2,4.5626,2,1,0,3.5,0.004563,20
990,3,1.923,1,1,0,4.5,0.001923,20
991,3,9.1244,2,1,0,3.0,0.009124,102
992,3,1.4483,1,1,0,4.5,0.001448,120
993,3,14.0265,2,1,0,3.0,0.014027,20
994,2,1.4487,1,1,0,5.25,0.001449,27
995,4,1.2406,1,0,0,3.0,0.001241,132
996,2,0.5,1,1,0,5.25,0.0005,96
997,3,3.6829,2,1,0,3.0,0.003683,42
998,1,0.7342,1,0,1,1.5,0.000734,26
999,4,0.6351,1,0,0,3.0,0.000635,20
1000,2,4.3683,2,1,0,3.5,0.004368,26
1001,1,3.8627,2,0,1,1.0,0.003863,20
1002,3,3.7629,2,1,0,3.0,0.003763,69
1003,1,0.8445,1,0,1,1.5,0.000844,39
1004,2,1.1528,1,1,0,5.25,0.001153,1000
1005,3,1.1426,1,1,0,4.5,0.001143,20
1006,2,2.6529,1,1,0,5.25,0.002653,24
1007,4,5.7357,2,0,0,2.0,0.005736,133
1008,2,1.7529,1,1,0,5.25,0.001753,20
1009,3,8.7411,2,1,0,3.0,0.008741,23
1010,3,2.9753,1,1,0,4.5,0.002975,113
1011,3,0.9592,1,1,0,4.5,0.000959,32
1012,3,2.7784,1,1,0,4.5,0.002778,23
1013,3,6.6798,2,1,0,3.0,0.00668,29
1014,4,8.9481,2,0,0,2.0,0.008948,24
1015,2,3.9751,2,1,0,3.5,0.003975,28
1016,2,1.2446,1,1,0,5.25,0.001245,20
1017,3,0.9767,1,1,0,4.5,0.000977,22
1018,3,2.1581,1,1,0,4.5,0.002158,44
1019,1,6.4696,2,0,1,1.0,0.00647,20
1020,2,1.8718,1,1,0,5.25,0.001872,21
1021,4,1.9111,1,0,0,3.0,0.001911,20
1022,3,1.277,1,1,0,4.5,0.001277,25
1023,4,0.8739,1,0,0,3.0,0.000874,20
1024,3,1.0315,1,1,0,4.5,0.001031,20
1025,3,1.389,1,1,0,4.5,0.001389,39
1026,2,6.7615,2,1,0,3.5,0.006762,31
1027,4,0.9545,1,0,0,3.0,0.000955,37
1028,2,1.2786,1,1,0,5.25,0.001279,32
1029,3,0.5106,1,1,0,4.5,0.000511,45
1030,2,2.4838,1,1,0,5.25,0.002484,36
1031,3,4.758,2,1,0,3.0,0.004758,76
1032,3,6.1573,2,1,0,3.0,0.006157,242
1033,3,1.4866,1,1,0,4.5,0.001487,34
1034,4,2.1544,1,0,0,3.0,0.002154,186
1035,2,1.0404,1,1,0,5.25,0.00104,20
1036,3,2.0568,1,1,0,4.5,0.002057,30
1037,2,1.6605,1,1,0,5.25,0.00166,63
1038,2,1.2858,1,1,0,5.25,0.001286,110
1039,2,1.3922,1,1,0,5.25,0.001392,20
1040,1,1.9061,1,0,1,1.5,0.001906,35
1041,1,0.9039,1,0,1,1.5,0.000904,26
1042,3,0.9518,1,1,0,4.5,0.000952,171
1043,3,6.6893,2,1,0,3.0,0.006689,173
1044,3,18.2414,3,1,0,2.4,0.018241,35
1045,1,0.5,1,0,1,1.5,0.0005,24
1046,2,0.5,1,1,0,5.25,0.0005,20
1047,2,0.5,1,1,0,5.25,0.0005,22
1048,3,1.094,1,1,0,4.5,0.001094,35
1049,4,2.9711,1,0,0,3.0,0.002971,21
1050,2,2.1911,1,1,0,5.25,0.002191,52
1051,3,1.4408,1,1,0,4.5,0.001441,38
1052,1,2.0587,1,0,1,1.5,0.002059,86
1053,2,0.6072,1,1,0,5.25,0.000607,29
1054,1,0.9503,1,0,1,1.5,0.00095,21
1055,2,1.1889,1,1,0,5.25,0.001189,20
1056,3,0.5,1,1,0,4.5,0.0005,27
1057,4,0.5,1,0,0,3.0,0.0005,27
1058,2,0.5,1,1,0,5.25,0.0005,20
1059,3,2.6045,1,1,0,4.5,0.002605,22
1060,3,1.5504,1,1,0,4.5,0.00155,25
1061,4,2.2349,1,0,0,3.0,0.002235,27
1062,3,0.5,1,1,0,4.5,0.0005,50
1063,2,0.5,1,1,0,5.25,0.0005,20
1064,3,2.3546,1,1,0,4.5,0.002355,35
1065,2,0.5,1,1,0,5.25,0.0005,28
1066,4,4.1279,2,0,0,2.0,0.004128,28
1067,2,0.5,1,1,0,5.25,0.0005,25
1068,3,2.8193,1,1,0,4.5,0.002819,40
1069,1,0.5,1,0,1,1.5,0.0005,106
1070,2,3.4627,2,1,0,3.5,0.003463,38
1071,4,30.0033,3,0,0,1.6,0.030003,30
1072,3,0.5,1,1,0,4.5,0.0005,34
1073,2,2.4315,1,1,0,5.25,0.002432,20
1074,4,0.5,1,0,0,3.0,0.0005,48
1075,4,1.8588,1,0,0,3.0,0.001859,20
1076,2,0.9865,1,1,0,5.25,0.000986,98
1077,3,1.3812,1,1,0,4.5,0.001381,39
1078,3,0.5,1,1,0,4.5,0.0005,66
1079,3,2.6477,1,1,0,4.5,0.002648,888
1080,2,0.5,1,1,0,5.25,0.0005,20
1081,2,4.1987,2,1,0,3.5,0.004199,22
1082,4,0.8057,1,0,0,3.0,0.000806,20
1083,4,0.5,1,0,0,3.0,0.0005,78
1084,3,5.978,2,1,0,3.0,0.005978,20
1085,4,1.1341,1,0,0,3.0,0.001134,20
1086,3,8.1726,2,1,0,3.0,0.008173,27
1087,3,4.1144,2,1,0,3.0,0.004114,26
1088,3,0.5461,1,1,0,4.5,0.000546,48
1089,3,1.1142,1,1,0,4.5,0.001114,94
1090,3,1.3691,1,1,0,4.5,0.001369,21
1091,2,5.5815,2,1,0,3.5,0.005581,23
1092,3,1.8789,1,1,0,4.5,0.001879,20
1093,2,1.4469,1,1,0,5.25,0.001447,66
1094,2,0.9933,1,1,0,5.25,0.000993,26
1095,3,1.1533,1,1,0,4.5,0.001153,23
1096,2,4.4716,2,1,0,3.5,0.004472,20
1097,2,1.2176,1,1,0,5.25,0.001218,22
1098,3,0.8172,1,1,0,4.5,0.000817,27
1099,4,0.6898,1,0,0,3.0,0.00069,21
1100,2,0.6972,1,1,0,5.25,0.000697,20
1101,1,0.5,1,0,1,1.5,0.0005,62
1102,2,0.5728,1,1,0,5.25,0.000573,25
1103,3,5.428,2,1,0,3.0,0.005428,47
1104,3,0.9866,1,1,0,4.5,0.000987,104
1105,1,2.4536,1,0,1,1.5,0.002454,119
1106,3,0.5,1,1,0,4.5,0.0005,35
1107,1,2.1414,1,0,1,1.5,0.002141,20
1108,2,1.0323,1,1,0,5.25,0.001032,47
1109,4,0.7495,1,0,0,3.0,0.00075,31
1110,2,1.4537,1,1,0,5.25,0.001454,23
1111,2,0.7388,1,1,0,5.25,0.000739,33
1112,2,0.5,1,1,0,5.25,0.0005,20
1113,3,3.0508,2,1,0,3.0,0.003051,48
1114,4,1.5468,1,0,0,3.0,0.001547,70
1115,4,0.8862,1,0,0,3.0,0.000886,46
1116,1,0.5,1,0,1,1.5,0.0005,40
1117,1,0.5,1,0,1,1.5,0.0005,21
1118,3,1.5175,1,1,0,4.5,0.001517,69
1119,2,6.0896,2,1,0,3.5,0.00609,41
1120,4,1.4863,1,0,0,3.0,0.001486,40
1121,3,0.5,1,1,0,4.5,0.0005,20
1122,1,1.5193,1,0,1,1.5,0.001519,27
1123,3,1.15,1,1,0,4.5,0.00115,32
1124,2,2.8783,1,1,0,5.25,0.002878,26
1125,2,2.2253,1,1,0,5.25,0.002225,79
1126,3,0.5,1,1,0,4.5,0.0005,23
1127,3,2.0926,1,1,0,4.5,0.002093,20
1128,3,0.5,1,1,0,4.5,0.0005,20
1129,3,0.5,1,1,0,4.5,0.0005,21
1130,4,1.0047,1,0,0,3.0,0.001005,63
1131,4,1.8296,1,0,0,3.0,0.00183,33
1132,3,0.5,1,1,0,4.5,0.0005,32
1133,1,2.454,1,0,1,1.5,0.002454,80
1134,3,2.6025,1,1,0,4.5,0.002603,24
1135,4,1.2714,1,0,0,3.0,0.001271,337
1136,2,0.5094,1,1,0,5.25,0.000509,27
1137,3,0.5,1,1,0,4.5,0.0005,30
1138,2,3.3841,2,1,0,3.5,0.003384,36
1139,1,0.5,1,0,1,1.5,0.0005,45
1140,3,3.517,2,1,0,3.0,0.003517,26
1141,2,1.0283,1,1,0,5.25,0.001028,46
1142,3,1.1022,1,1,0,4.5,0.001102,71
1143,3,0.5,1,1,0,4.5,0.0005,60
1144,3,1.0475,1,1,0,4.5,0.001048,94
1145,2,2.2406,1,1,0,5.25,0.002241,40
1146,2,0.5,1,1,0,5.25,0.0005,20
1147,3,1.9973,1,1,0,4.5,0.001997,128
1148,3,1.326,1,1,0,4.5,0.001326,45
1149,3,0.6372,1,1,0,4.5,0.000637,31
1150,4,2.8514,1,0,0,3.0,0.002851,29
1151,1,0.5,1,0,1,1.5,0.0005,20
1152,4,1.7157,1,0,0,3.0,0.001716,40
1153,1,6.1262,2,0,1,1.0,0.006126,28
1154,2,5.1197,2,1,0,3.5,0.00512,28
1155,3,1.7913,1,1,0,4.5,0.001791,47
1156,1,0.8971,1,0,1,1.5,0.000897,34
1157,1,0.6423,1,0,1,1.5,0.000642,22
1158,1,0.896,1,0,1,1.5,0.000896,23
1159,2,2.0896,1,1,0,5.25,0.00209,58
1160,3,0.5411,1,1,0,4.5,0.000541,24
1161,1,2.5872,1,0,1,1.5,0.002587,21
1162,3,10.2401,2,1,0,3.0,0.01024,23
1163,3,1.1403,1,1,0,4.5,0.00114,188
1164,2,0.5,1,1,0,5.25,0.0005,21
1165,1,0.5,1,0,1,1.5,0.0005,22
1166,4,2.6372,1,0,0,3.0,0.002637,223
1167,3,1.1427,1,1,0,4.5,0.001143,25
1168,3,2.9153,1,1,0,4.5,0.002915,66
1169,3,0.7114,1,1,0,4.5,0.000711,38
1170,1,2.7837,1,0,1,1.5,0.002784,29
1171,2,1.0355,1,1,0,5.25,0.001035,75
1172,3,0.5831,1,1,0,4.5,0.000583,37
1173,2,0.8123,1,1,0,5.25,0.000812,34
1174,3,0.5,1,1,0,4.5,0.0005,99
1175,3,8.8685,2,1,0,3.0,0.008869,189
1176,3,1.1016,1,1,0,4.5,0.001102,22
1177,3,2.311,1,1,0,4.5,0.002311,43
1178,2,0.7091,1,1,0,5.25,0.000709,29
1179,2,0.5,1,1,0,5.25,0.0005,20
1180,2,0.9601,1,1,0,5.25,0.00096,22
1181,3,3.6486,2,1,0,3.0,0.003649,50
1182,1,0.7207,1,0,1,1.5,0.000721,193
1183,1,0.5079,1,0,1,1.5,0.000508,33
1184,2,1.4171,1,1,0,5.25,0.001417,35
1185,2,1.998,1,1,0,5.25,0.001998,23
1186,3,6.2714,2,1,0,3.0,0.006271,20
1187,2,1.7279,1,1,0,5.25,0.001728,28
1188,4,2.3098,1,0,0,3.0,0.00231,29
1189,1,2.4903,1,0,1,1.5,0.00249,26
1190,3,0.5,1,1,0,4.5,0.0005,20
1191,2,0.5,1,1,0,5.25,0.0005,21
1192,2,0.5,1,1,0,5.25,0.0005,267
1193,4,0.5,1,0,0,3.0,0.0005,37
1194,4,2.6875,1,0,0,3.0,0.002687,22
1195,4,1.6212,1,0,0,3.0,0.001621,20
1196,2,1.3134,1,1,0,5.25,0.001313,21
1197,2,0.5,1,1,0,5.25,0.0005,20
1198,3,9.4747,2,1,0,3.0,0.009475,26
1199,2,0.5,1,1,0,5.25,0.0005,20
1200,3,9.44,2,1,0,3.0,0.00944,20
1201,3,0.5,1,1,0,4.5,0.0005,24
1202,3,0.5383,1,1,0,4.5,0.000538,23
1203,3,0.5,1,1,0,4.5,0.0005,49
1204,3,1.7424,1,1,0,4.5,0.001742,88
1205,1,0.5,1,0,1,1.5,0.0005,76
1206,1,0.5,1,0,1,1.5,0.0005,28
1207,3,0.5,1,1,0,4.5,0.0005,929
1208,3,2.6393,1,1,0,4.5,0.002639,20
1209,2,2.471,1,1,0,5.25,0.002471,24
1210,2,7.4274,2,1,0,3.5,0.007427,53
1211,3,0.6111,1,1,0,4.5,0.000611,25
1212,3,1.5098,1,1,0,4.5,0.00151,122
1213,3,0.5,1,1,0,4.5,0.0005,22
1214,2,0.8677,1,1,0,5.25,0.000868,85
1215,2,0.722,1,1,0,5.25,0.000722,20
1216,3,1.9301,1,1,0,4.5,0.00193,28
1217,2,3.3541,2,1,0,3.5,0.003354,111
1218,3,3.2681,2,1,0,3.0,0.003268,21
1219,3,0.5222,1,1,0,4.5,0.000522,20
1220,1,3.2924,2,0,1,1.0,0.003292,39
1221,1,1.1607,1,0,1,1.5,0.001161,32
1222,2,0.8768,1,1,0,5.25,0.000877,25
1223,4,0.5973,1,0,0,3.0,0.000597,116
1224,3,0.693,1,1,0,4.5,0.000693,32
1225,2,6.9272,2,1,0,3.5,0.006927,303
1226,4,1.6496,1,0,0,3.0,0.00165,21
1227,3,1.4445,1,1,0,4.5,0.001444,25
1228,3,0.9332,1,1,0,4.5,0.000933,24
1229,4,14.001,2,0,0,2.0,0.014001,26
1230,1,4.4734,2,0,1,1.0,0.004473,46
1231,2,0.5898,1,1,0,5.25,0.00059,29
1232,3,0.9227,1,1,0,4.5,0.000923,404
1233,2,0.9791,1,1,0,5.25,0.000979,46
1234,3,1.4036,1,1,0,4.5,0.001404,33
1235,2,0.6017,1,1,0,5.25,0.000602,24
1236,1,1.8813,1,0,1,1.5,0.001881,27
1237,2,5.1822,2,1,0,3.5,0.005182,20
1238,2,0.5,1,1,0,5.25,0.0005,50
1239,2,0.5,1,1,0,5.25,0.0005,20
1240,1,0.7483,1,0,1,1.5,0.000748,41
1241,4,0.7838,1,0,0,3.0,0.000784,33
1242,2,8.9496,2,1,0,3.5,0.00895,31
1243,2,3.3031,2,1,0,3.5,0.003303,127
1244,1,3.1189,2,0,1,1.0,0.003119,27
1245,2,0.9313,1,1,0,5.25,0.000931,29
1246,2,0.911,1,1,0,5.25,0.000911,48
1247,3,0.5,1,1,0,4.5,0.0005,20
1248,2,2.6509,1,1,0,5.25,0.002651,22
1249,4,1.9822,1,0,0,3.0,0.001982,28
1250,4,4.3892,2,0,0,2.0,0.004389,52
1251,1,0.9825,1,0,1,1.5,0.000982,20
1252,1,1.0527,1,0,1,1.5,0.001053,33
1253,1,1.4379,1,0,1,1.5,0.001438,25
1254,3,2.9596,1,1,0,4.5,0.00296,25
1255,1,0.5,1,0,1,1.5,0.0005,100
1256,4,2.5325,1,0,0,3.0,0.002532,122
1257,3,1.1885,1,1,0,4.5,0.001188,25
1258,3,0.5,1,1,0,4.5,0.0005,96
1259,3,0.5,1,1,0,4.5,0.0005,25
1260,4,1.0583,1,0,0,3.0,0.001058,25
1261,1,5.1596,2,0,1,1.0,0.00516,43
1262,2,6.4742,2,1,0,3.5,0.006474,26
1263,2,1.7307,1,1,0,5.25,0.001731,46
1264,4,8.6292,2,0,0,2.0,0.008629,29
1265,3,1.1621,1,1,0,4.5,0.001162,28
1266,3,3.147,2,1,0,3.0,0.003147,48
1267,2,0.7725,1,1,0,5.25,0.000773,20
1268,4,0.7251,1,0,0,3.0,0.000725,41
1269,3,0.6161,1,1,0,4.5,0.000616,38
1270,3,0.5,1,1,0,4.5,0.0005,21
1271,4,4.394,2,0,0,2.0,0.004394,29
1272,2,0.6386,1,1,0,5.25,0.000639,20
1273,2,0.5443,1,1,0,5.25,0.000544,47
1274,3,0.5,1,1,0,4.5,0.0005,20
1275,1,0.9889,1,0,1,1.5,0.000989,68
1276,2,7.0755,2,1,0,3.5,0.007076,28
1277,2,9.8446,2,1,0,3.5,0.009845,20
1278,1,0.5,1,0,1,1.5,0.0005,21
1279,4,0.851,1,0,0,3.0,0.000851,20
1280,3,0.5,1,1,0,4.5,0.0005,35
1281,2,3.2592,2,1,0,3.5,0.003259,28
1282,2,1.6157,1,1,0,5.25,0.001616,104
1283,2,0.6418,1,1,0,5.25,0.000642,29
1284,3,1.3044,1,1,0,4.5,0.001304,21
1285,4,0.7526,1,0,0,3.0,0.000753,37
1286,4,6.0945,2,0,0,2.0,0.006095,41
1287,2,2.0962,1,1,0,5.25,0.002096,21
1288,2,2.3702,1,1,0,5.25,0.00237,26
1289,3,0.5,1,1,0,4.5,0.0005,29
1290,3,1.1347,1,1,0,4.5,0.001135,35
1291,3,9.7411,2,1,0,3.0,0.009741,20
1292,3,4.5689,2,1,0,3.0,0.004569,20
1293,3,0.5,1,1,0,4.5,0.0005,259
1294,2,0.8867,1,1,0,5.25,0.000887,56
1295,2,0.5,1,1,0,5.25,0.0005,158
1296,2,6.7144,2,1,0,3.5,0.006714,20
1297,1,1.5487,1,0,1,1.5,0.001549,67
1298,2,0.5629,1,1,0,5.25,0.000563,23
1299,3,1.2552,1,1,0,4.5,0.001255,21
1300,2,0.5,1,1,0,5.25,0.0005,25
1301,2,0.5,1,1,0,5.25,0.0005,20
1302,3,1.2581,1,1,0,4.5,0.001258,20
1303,3,2.8259,1,1,0,4.5,0.002826,27
1304,2,0.5,1,1,0,5.25,0.0005,25
1305,3,0.8286,1,1,0,4.5,0.000829,20
1306,4,3.3295,2,0,0,2.0,0.00333,38
1307,3,0.5,1,1,0,4.5,0.0005,30
1308,3,1.5255,1,1,0,4.5,0.001526,562
1309,1,1.2958,1,0,1,1.5,0.001296,53
1310,4,6.7364,2,0,0,2.0,0.006736,20
1311,2,0.9637,1,1,0,5.25,0.000964,20
1312,4,1.0218,1,0,0,3.0,0.001022,26
1313,3,2.8522,1,1,0,4.5,0.002852,72
1314,1,0.5,1,0,1,1.5,0.0005,89
1315,1,0.9726,1,0,1,1.5,0.000973,43
1316,3,0.7691,1,1,0,4.5,0.000769,32
1317,3,1.0557,1,1,0,4.5,0.001056,39
1318,1,2.8336,1,0,1,1.5,0.002834,32
1319,3,2.1113,1,1,0,4.5,0.002111,816
1320,4,0.5738,1,0,0,3.0,0.000574,25
1321,3,1.3908,1,1,0,4.5,0.001391,45
1322,3,5.3848,2,1,0,3.0,0.005385,27
1323,1,0.5282,1,0,1,1.5,0.000528,20
1324,3,1.4026,1,1,0,4.5,0.001403,20
1325,2,1.0,1,1,0,5.25,0.001,36
1326,4,1.139,1,0,0,3.0,0.001139,20
1327,2,0.5,1,1,0,5.25,0.0005,20
1328,3,4.9724,2,1,0,3.0,0.004972,20
1329,2,0.5592,1,1,0,5.25,0.000559,24
1330,2,3.3845,2,1,0,3.5,0.003385,71
1331,3,0.6517,1,1,0,4.5,0.000652,20
1332,3,0.649,1,1,0,4.5,0.000649,32
1333,3,4.0807,2,1,0,3.0,0.004081,99
1334,4,3.2773,2,0,0,2.0,0.003277,127
1335,4,1.4945,1,0,0,3.0,0.001495,20
1336,4,2.5968,1,0,0,3.0,0.002597,46
1337,2,0.909,1,1,0,5.25,0.000909,20
1338,3,1.203,1,1,0,4.5,0.001203,35
1339,4,0.626,1,0,0,3.0,0.000626,20
1340,2,2.9958,1,1,0,5.25,0.002996,22
1341,1,0.6064,1,0,1,1.5,0.000606,31
1342,3,5.3565,2,1,0,3.0,0.005356,38
1343,3,0.8845,1,1,0,4.5,0.000885,24
1344,3,1.2382,1,1,0,4.5,0.001238,25
1345,4,2.5906,1,0,0,3.0,0.002591,23
1346,3,1.2424,1,1,0,4.5,0.001242,24
1347,2,0.9005,1,1,0,5.25,0.000901,32
1348,2,1.1772,1,1,0,5.25,0.001177,20
1349,2,2.9653,1,1,0,5.25,0.002965,67
1350,1,0.6252,1,0,1,1.5,0.000625,29
1351,3,1.0692,1,1,0,4.5,0.001069,26
1352,3,1.2256,1,1,0,4.5,0.001226,36
1353,2,2.8798,1,1,0,5.25,0.00288,154
1354,2,1.0978,1,1,0,5.25,0.001098,20
1355,4,7.3998,2,0,0,2.0,0.0074,21
1356,1,1.0373,1,0,1,1.5,0.001037,42
1357,3,0.9564,1,1,0,4.5,0.000956,25
1358,3,1.0224,1,1,0,4.5,0.001022,20
1359,3,0.5,1,1,0,4.5,0.0005,21
1360,2,0.5,1,1,0,5.25,0.0005,84
1361,3,0.7135,1,1,0,4.5,0.000714,32
1362,2,3.7772,2,1,0,3.5,0.003777,28
1363,3,1.1735,1,1,0,4.5,0.001174,20
1364,1,0.7471,1,0,1,1.5,0.000747,171
1365,3,4.1358,2,1,0,3.0,0.004136,30
1366,3,5.722,2,1,0,3.0,0.005722,107
1367,2,4.2569,2,1,0,3.5,0.004257,27
1368,1,0.5169,1,0,1,1.5,0.000517,86
1369,2,0.7393,1,1,0,5.25,0.000739,27
1370,2,7.4401,2,1,0,3.5,0.00744,24
1371,1,1.5439,1,0,1,1.5,0.001544,137
1372,4,0.9282,1,0,0,3.0,0.000928,69
1373,2,2.488,1,1,0,5.25,0.002488,78
1374,3,3.3216,2,1,0,3.0,0.003322,96
1375,4,0.685,1,0,0,3.0,0.000685,23
1376,1,1.5107,1,0,1,1.5,0.001511,103
1377,3,3.064,2,1,0,3.0,0.003064,78
1378,4,0.5,1,0,0,3.0,0.0005,59
1379,3,1.2281,1,1,0,4.5,0.001228,28
1380,2,0.5,1,1,0,5.25,0.0005,39
1381,2,0.5,1,1,0,5.25,0.0005,50
1382,1,0.6908,1,0,1,1.5,0.000691,24
1383,3,1.9548,1,1,0,4.5,0.001955,39
1384,4,0.8791,1,0,0,3.0,0.000879,30
1385,4,0.6343,1,0,0,3.0,0.000634,56
1386,1,1.2772,1,0,1,1.5,0.001277,58
1387,3,0.5,1,1,0,4.5,0.0005,216
1388,2,1.8626,1,1,0,5.25,0.001863,20
1389,4,3.7604,2,0,0,2.0,0.00376,20
1390,1,1.1207,1,0,1,1.5,0.001121,20
1391,4,0.9905,1,0,0,3.0,0.000991,24
1392,3,1.7622,1,1,0,4.5,0.001762,31
1393,1,0.5,1,0,1,1.5,0.0005,21
1394,1,2.075,1,0,1,1.5,0.002075,93
1395,3,26.9783,3,1,0,2.4,0.026978,26
1396,2,1.073,1,1,0,5.25,0.001073,30
1397,3,1.0768,1,1,0,4.5,0.001077,23
1398,4,2.5517,1,0,0,3.0,0.002552,48
1399,3,6.287,2,1,0,3.0,0.006287,31
1400,2,3.2159,2,1,0,3.5,0.003216,23
1401,2,0.5,1,1,0,5.25,0.0005,68
1402,1,2.1309,1,0,1,1.5,0.002131,24
1403,4,15.8803,3,0,0,1.6,0.01588,22
1404,2,2.2605,1,1,0,5.25,0.002261,21
1405,2,0.5,1,1,0,5.25,0.0005,23
1406,2,1.608,1,1,0,5.25,0.001608,37
1407,4,0.5,1,0,0,3.0,0.0005,20
1408,1,4.1618,2,0,1,1.0,0.004162,27
1409,4,0.5,1,0,0,3.0,0.0005,67
1410,3,1.3066,1,1,0,4.5,0.001307,121
1411,3,0.5145,1,1,0,4.5,0.000514,100
1412,4,0.7024,1,0,0,3.0,0.000702,67
1413,3,5.3618,2,1,0,3.0,0.005362,29
1414,4,1.3453,1,0,0,3.0,0.001345,20
1415,1,0.6935,1,0,1,1.5,0.000693,38
1416,3,0.5,1,1,0,4.5,0.0005,21
1417,3,0.5,1,1,0,4.5,0.0005,20
1418,3,0.5,1,1,0,4.5,0.0005,23
1419,4,1.3568,1,0,0,3.0,0.001357,31
1420,4,3.2329,2,0,0,2.0,0.003233,45
1421,3,0.6927,1,1,0,4.5,0.000693,21
1422,3,5.8339,2,1,0,3.0,0.005834,179
1423,3,0.5919,1,1,0,4.5,0.000592,46
1424,2,0.9561,1,1,0,5.25,0.000956,149
1425,2,0.5,1,1,0,5.25,0.0005,43
1426,2,3.2671,2,1,0,3.5,0.003267,111
1427,1,9.8814,2,0,1,1.0,0.009881,20
1428,1,0.5,1,0,1,1.5,0.0005,20
1429,3,0.8581,1,1,0,4.5,0.000858,31
1430,2,4.297,2,1,0,3.5,0.004297,134
1431,4,0.5,1,0,0,3.0,0.0005,37
1432,3,2.1379,1,1,0,4.5,0.002138,66
1433,1,4.1149,2,0,1,1.0,0.004115,238
1434,2,1.3118,1,1,0,5.25,0.001312,49
1435,2,2.1031,1,1,0,5.25,0.002103,31
1436,4,7.0572,2,0,0,2.0,0.007057,110
1437,2,8.5128,2,1,0,3.5,0.008513,22
1438,3,1.1402,1,1,0,4.5,0.00114,66
1439,4,0.7123,1,0,0,3.0,0.000712,27
1440,4,0.5,1,0,0,3.0,0.0005,20
1441,2,3.2224,2,1,0,3.5,0.003222,81
1442,1,0.5,1,0,1,1.5,0.0005,58
1443,2,0.9423,1,1,0,5.25,0.000942,20
1444,1,1.3443,1,0,1,1.5,0.001344,33
1445,2,0.7336,1,1,0,5.25,0.000734,44
1446,3,1.6047,1,1,0,4.5,0.001605,21
1447,4,15.7629,3,0,0,1.6,0.015763,22
1448,3,1.0742,1,1,0,4.5,0.001074,142
1449,3,0.7849,1,1,0,4.5,0.000785,27
1450,2,3.3484,2,1,0,3.5,0.003348,184
1451,3,1.5415,1,1,0,4.5,0.001541,49
1452,3,5.1166,2,1,0,3.0,0.005117,20
1453,4,1.4302,1,0,0,3.0,0.00143,52
1454,4,0.9462,1,0,0,3.0,0.000946,20
1455,2,0.5,1,1,0,5.25,0.0005,28
1456,1,0.5,1,0,1,1.5,0.0005,69
1457,2,0.5,1,1,0,5.25,0.0005,20
1458,2,1.7727,1,1,0,5.25,0.001773,26
1459,4,0.5,1,0,0,3.0,0.0005,28
1460,2,4.2577,2,1,0,3.5,0.004258,54
1461,3,1.2503,1,1,0,4.5,0.00125,412
1462,3,0.9502,1,1,0,4.5,0.00095,27
1463,2,0.5217,1,1,0,5.25,0.000522,24
1464,2,2.2601,1,1,0,5.25,0.00226,703
1465,3,0.5426,1,1,0,4.5,0.000543,41
1466,3,0.5,1,1,0,4.5,0.0005,103
1467,2,3.9809,2,1,0,3.5,0.003981,20
1468,2,1.7294,1,1,0,5.25,0.001729,36
1469,3,0.9591,1,1,0,4.5,0.000959,23
1470,2,2.3038,1,1,0,5.25,0.002304,46
1471,4,1.2239,1,0,0,3.0,0.001224,127
1472,2,1.7792,1,1,0,5.25,0.001779,21
1473,1,0.536,1,0,1,1.5,0.000536,40
1474,3,9.6171,2,1,0,3.0,0.009617,38
1475,3,0.6794,1,1,0,4.5,0.000679,30
1476,3,5.7498,2,1,0,3.0,0.00575,29
1477,2,1.0043,1,1,0,5.25,0.001004,24
1478,4,2.7189,1,0,0,3.0,0.002719,36
1479,3,2.5279,1,1,0,4.5,0.002528,85
1480,3,3.819,2,1,0,3.0,0.003819,114
1481,2,0.5234,1,1,0,5.25,0.000523,63
1482,1,3.5565,2,0,1,1.0,0.003557,20
1483,3,7.6874,2,1,0,3.0,0.007687,35
1484,2,0.9366,1,1,0,5.25,0.000937,29
1485,3,1.2559,1,1,0,4.5,0.001256,37
1486,1,0.7187,1,0,1,1.5,0.000719,98
1487,4,0.8579,1,0,0,3.0,0.000858,35
1488,3,6.7165,2,1,0,3.0,0.006717,20
1489,4,0.5,1,0,0,3.0,0.0005,20
1490,3,0.5,1,1,0,4.5,0.0005,20
1491,1,6.0742,2,0,1,1.0,0.006074,44
1492,3,2.2653,1,1,0,4.5,0.002265,20
1493,3,10.1099,2,1,0,3.0,0.01011,37
1494,3,0.7731,1,1,0,4.5,0.000773,26
1495,2,1.3763,1,1,0,5.25,0.001376,20
1496,3,0.6265,1,1,0,4.5,0.000627,151
1497,4,1.4,1,0,0,3.0,0.0014,25
1498,3,0.5,1,1,0,4.5,0.0005,25
1499,2,2.4063,1,1,0,5.25,0.002406,45
1500,3,1.6764,1,1,0,4.5,0.001676,27
1501,3,1.1452,1,1,0,4.5,0.001145,86
1502,4,0.821,1,0,0,3.0,0.000821,22
1503,2,0.5,1,1,0,5.25,0.0005,67
1504,2,2.5114,1,1,0,5.25,0.002511,40
1505,3,0.5,1,1,0,4.5,0.0005,39
1506,3,2.0239,1,1,0,4.5,0.002024,23
1507,3,9.6562,2,1,0,3.0,0.009656,86
1508,3,5.3584,2,1,0,3.0,0.005358,42
1509,2,0.5,1,1,0,5.25,0.0005,29
1510,3,0.7092,1,1,0,4.5,0.000709,20
1511,1,1.8489,1,0,1,1.5,0.001849,116
1512,2,1.1307,1,1,0,5.25,0.001131,54
1513,3,0.5,1,1,0,4.5,0.0005,36
1514,3,1.7833,1,1,0,4.5,0.001783,63
1515,4,1.201,1,0,0,3.0,0.001201,20
1516,2,8.2274,2,1,0,3.5,0.008227,27
1517,1,0.9417,1,0,1,1.5,0.000942,90
1518,4,3.9007,2,0,0,2.0,0.003901,69
1519,2,0.5,1,1,0,5.25,0.0005,41
1520,2,0.5,1,1,0,5.25,0.0005,20
1521,2,2.4963,1,1,0,5.25,0.002496,41
1522,3,3.5854,2,1,0,3.0,0.003585,20
1523,4,0.5,1,0,0,3.0,0.0005,21
1524,3,1.2426,1,1,0,4.5,0.001243,24
1525,3,0.5,1,1,0,4.5,0.0005,31
1526,2,1.012,1,1,0,5.25,0.001012,20
1527,2,2.8013,1,1,0,5.25,0.002801,20
1528,3,0.7852,1,1,0,4.5,0.000785,37
1529,1,0.9456,1,0,1,1.5,0.000946,25
1530,2,0.5,1,1,0,5.25,0.0005,88
1531,2,0.6343,1,1,0,5.25,0.000634,36
1532,1,7.0375,2,0,1,1.0,0.007038,41
1533,3,1.3048,1,1,0,4.5,0.001305,32
1534,3,0.5,1,1,0,4.5,0.0005,130
1535,1,0.8855,1,0,1,1.5,0.000885,24
1536,3,0.5,1,1,0,4.5,0.0005,27
1537,3,0.5,1,1,0,4.5,0.0005,27
1538,3,4.7279,2,1,0,3.0,0.004728,29
1539,3,1.052,1,1,0,4.5,0.001052,24
1540,2,8.0356,2,1,0,3.5,0.008036,39
1541,3,1.1027,1,1,0,4.5,0.001103,29
1542,2,1.1702,1,1,0,5.25,0.00117,25
1543,2,2.3026,1,1,0,5.25,0.002303,20
1544,2,0.5,1,1,0,5.25,0.0005,25
1545,3,1.489,1,1,0,4.5,0.001489,25
1546,2,1.1551,1,1,0,5.25,0.001155,34
1547,2,5.3612,2,1,0,3.5,0.005361,21
1548,3,3.183,2,1,0,3.0,0.003183,142
1549,2,0.5,1,1,0,5.25,0.0005,33
1550,2,4.2008,2,1,0,3.5,0.004201,28
1551,1,0.9332,1,0,1,1.5,0.000933,43
1552,2,0.5,1,1,0,5.25,0.0005,20
1553,2,1.4774,1,1,0,5.25,0.001477,27
1554,2,0.9904,1,1,0,5.25,0.00099,35
1555,2,5.6498,2,1,0,3.5,0.00565,20
1556,3,1.7053,1,1,0,4.5,0.001705,46
1557,4,1.49,1,0,0,3.0,0.00149,119
1558,3,2.9856,1,1,0,4.5,0.002986,25
1559,3,3.6184,2,1,0,3.0,0.003618,27
1560,4,2.6558,1,0,0,3.0,0.002656,25
1561,4,5.0159,2,0,0,2.0,0.005016,20
1562,3,2.2296,1,1,0,4.5,0.00223,69
1563,4,1.4345,1,0,0,3.0,0.001434,246
1564,4,4.1884,2,0,0,2.0,0.004188,45
1565,3,1.1077,1,1,0,4.5,0.001108,30
1566,3,1.2541,1,1,0,4.5,0.001254,20
1567,1,6.7851,2,0,1,1.0,0.006785,20
1568,1,6.1415,2,0,1,1.0,0.006142,30
1569,3,1.2032,1,1,0,4.5,0.001203,21
1570,3,0.7707,1,1,0,4.5,0.000771,58
1571,2,5.24,2,1,0,3.5,0.00524,24
1572,3,2.7008,1,1,0,4.5,0.002701,364
1573,3,1.6632,1,1,0,4.5,0.001663,180
1574,3,0.8792,1,1,0,4.5,0.000879,27
1575,1,1.6902,1,0,1,1.5,0.00169,24
1576,2,1.187,1,1,0,5.25,0.001187,20
1577,3,0.6243,1,1,0,4.5,0.000624,26
1578,3,1.3801,1,1,0,4.5,0.00138,42
1579,4,1.5818,1,0,0,3.0,0.001582,24
1580,4,0.8334,1,0,0,3.0,0.000833,29
1581,4,2.9951,1,0,0,3.0,0.002995,21
1582,2,4.4017,2,1,0,3.5,0.004402,22
1583,2,3.1997,2,1,0,3.5,0.0032,307
1584,2,0.9203,1,1,0,5.25,0.00092,112
1585,3,2.583,1,1,0,4.5,0.002583,22
1586,4,1.3114,1,0,0,3.0,0.001311,20
1587,2,0.5,1,1,0,5.25,0.0005,23
1588,3,2.3771,1,1,0,4.5,0.002377,63
1589,2,1.4039,1,1,0,5.25,0.001404,56
1590,2,16.2273,3,1,0,2.8,0.016227,21
1591,2,5.2092,2,1,0,3.5,0.005209,65
1592,1,2.4702,1,0,1,1.5,0.00247,20
1593,4,1.5563,1,0,0,3.0,0.001556,80
1594,2,1.4288,1,1,0,5.25,0.001429,25
1595,3,0.5,1,1,0,4.5,0.0005,20
1596,3,0.5,1,1,0,4.5,0.0005,35
1597,2,0.5069,1,1,0,5.25,0.000507,20
1598,2,1.1565,1,1,0,5.25,0.001157,36
1599,3,0.5,1,1,0,4.5,0.0005,24
1600,2,0.7039,1,1,0,5.25,0.000704,59
1601,4,0.947,1,0,0,3.0,0.000947,22
1602,1,0.978,1,0,1,1.5,0.000978,21
1603,3,0.6259,1,1,0,4.5,0.000626,30
1604,3,0.8621,1,1,0,4.5,0.000862,58
1605,2,6.8008,2,1,0,3.5,0.006801,53
1606,2,2.3521,1,1,0,5.25,0.002352,27
1607,4,0.6927,1,0,0,3.0,0.000693,41
1608,2,1.1329,1,1,0,5.25,0.001133,22
1609,2,1.1792,1,1,0,5.25,0.001179,22
1610,2,0.5628,1,1,0,5.25,0.000563,34
1611,2,0.5622,1,1,0,5.25,0.000562,20
1612,3,3.3323,2,1,0,3.0,0.003332,20
1613,3,0.7972,1,1,0,4.5,0.000797,38
1614,2,0.5,1,1,0,5.25,0.0005,35
1615,3,1.1618,1,1,0,4.5,0.001162,20
1616,2,1.365,1,1,0,5.25,0.001365,21
1617,1,0.5,1,0,1,1.5,0.0005,20
1618,3,1.1646,1,1,0,4.5,0.001165,20
1619,4,2.8896,1,0,0,3.0,0.00289,57
1620,1,1.9048,1,0,1,1.5,0.001905,20
1621,2,11.279,2,1,0,3.5,0.011279,35
1622,3,4.2387,2,1,0,3.0,0.004239,85
1623,3,5.1659,2,1,0,3.0,0.005166,191
1624,1,19.9501,3,0,1,0.8,0.01995,53
1625,2,2.5891,1,1,0,5.25,0.002589,38
1626,3,1.4279,1,1,0,4.5,0.001428,43
1627,2,3.212,2,1,0,3.5,0.003212,304
1628,2,0.6934,1,1,0,5.25,0.000693,349
1629,2,1.351,1,1,0,5.25,0.001351,127
1630,2,0.6347,1,1,0,5.25,0.000635,40
1631,3,1.806,1,1,0,4.5,0.001806,20
1632,4,0.6321,1,0,0,3.0,0.000632,20
1633,3,0.6103,1,1,0,4.5,0.00061,23
1634,3,1.8342,1,1,0,4.5,0.001834,32
1635,4,1.057,1,0,0,3.0,0.001057,33
1636,2,0.5,1,1,0,5.25,0.0005,28
1637,2,0.5,1,1,0,5.25,0.0005,21
1638,4,0.5,1,0,0,3.0,0.0005,27
1639,2,0.5017,1,1,0,5.25,0.000502,22
1640,3,1.836,1,1,0,4.5,0.001836,28
1641,3,1.51,1,1,0,4.5,0.00151,21
1642,1,3.5199,2,0,1,1.0,0.00352,72
1643,3,2.5753,1,1,0,4.5,0.002575,20
1644,2,3.5433,2,1,0,3.5,0.003543,24
1645,2,2.229,1,1,0,5.25,0.002229,29
1646,3,1.496,1,1,0,4.5,0.001496,42
1647,2,3.6419,2,1,0,3.5,0.003642,38
1648,3,3.0421,2,1,0,3.0,0.003042,21
1649,4,1.7669,1,0,0,3.0,0.001767,107
1650,3,4.3242,2,1,0,3.0,0.004324,22
1651,2,0.5,1,1,0,5.25,0.0005,20
1652,2,0.9073,1,1,0,5.25,0.000907,157
1653,2,0.8935,1,1,0,5.25,0.000893,25
1654,1,3.8414,2,0,1,1.0,0.003841,23
1655,4,5.8389,2,0,0,2.0,0.005839,20
1656,2,0.5,1,1,0,5.25,0.0005,22
1657,2,4.9744,2,1,0,3.5,0.004974,84
1658,3,0.5,1,1,0,4.5,0.0005,23
1659,2,0.5,1,1,0,5.25,0.0005,30
1660,1,0.9597,1,0,1,1.5,0.00096,88
1661,2,0.8824,1,1,0,5.25,0.000882,199
1662,3,0.5,1,1,0,4.5,0.0005,20
1663,3,2.3234,1,1,0,4.5,0.002323,57
1664,2,2.393,1,1,0,5.25,0.002393,61
1665,4,3.4805,2,0,0,2.0,0.003481,29
1666,4,0.7864,1,0,0,3.0,0.000786,35
1667,3,1.166,1,1,0,4.5,0.001166,38
1668,2,1.1767,1,1,0,5.25,0.001177,23
1669,1,6.561,2,0,1,1.0,0.006561,64
1670,4,0.5,1,0,0,3.0,0.0005,22
1671,2,0.5,1,1,0,5.25,0.0005,22
1672,3,1.2198,1,1,0,4.5,0.00122,20
1673,3,0.5,1,1,0,4.5,0.0005,33
1674,1,0.9369,1,0,1,1.5,0.000937,63
1675,3,1.0694,1,1,0,4.5,0.001069,20
1676,4,0.6284,1,0,0,3.0,0.000628,30
1677,3,1.2938,1,1,0,4.5,0.001294,95
1678,2,2.2734,1,1,0,5.25,0.002273,27
1679,4,0.9578,1,0,0,3.0,0.000958,60
1680,3,0.771,1,1,0,4.5,0.000771,157
1681,3,1.0278,1,1,0,4.5,0.001028,25
1682,3,1.2041,1,1,0,4.5,0.001204,143
1683,3,0.5,1,1,0,4.5,0.0005,74
1684,2,1.9246,1,1,0,5.25,0.001925,136
1685,1,0.7727,1,0,1,1.5,0.000773,20
1686,2,4.2831,2,1,0,3.5,0.004283,62
1687,3,2.1907,1,1,0,4.5,0.002191,23
1688,3,3.9087,2,1,0,3.0,0.003909,67
1689,3,0.5,1,1,0,4.5,0.0005,20
1690,2,0.8367,1,1,0,5.25,0.000837,29
1691,3,0.5,1,1,0,4.5,0.0005,30
1692,4,0.5993,1,0,0,3.0,0.000599,48
1693,2,4.2429,2,1,0,3.5,0.004243,22
1694,3,5.369,2,1,0,3.0,0.005369,70
1695,3,0.5,1,1,0,4.5,0.0005,39
1696,3,0.7671,1,1,0,4.5,0.000767,24
1697,2,1.1241,1,1,0,5.25,0.001124,23
1698,3,2.1788,1,1,0,4.5,0.002179,31
1699,4,0.5,1,0,0,3.0,0.0005,22
1700,3,0.5,1,1,0,4.5,0.0005,66
1701,4,1.9794,1,0,0,3.0,0.001979,40
1702,4,0.5,1,0,0,3.0,0.0005,24
1703,2,0.776,1,1,0,5.25,0.000776,20
1704,3,1.4265,1,1,0,4.5,0.001427,103
1705,3,1.8382,1,1,0,4.5,0.001838,28
1706,4,1.0528,1,0,0,3.0,0.001053,96
1707,1,0.8415,1,0,1,1.5,0.000841,136
1708,2,2.8228,1,1,0,5.25,0.002823,27
1709,4,1.6134,1,0,0,3.0,0.001613,65
1710,2,0.6352,1,1,0,5.25,0.000635,25
1711,3,1.2597,1,1,0,4.5,0.00126,20
1712,2,1.7795,1,1,0,5.25,0.001779,48
1713,4,6.7624,2,0,0,2.0,0.006762,41
1714,4,2.663,1,0,0,3.0,0.002663,31
1715,2,4.0866,2,1,0,3.5,0.004087,32
1716,3,0.6587,1,1,0,4.5,0.000659,24
1717,2,0.7182,1,1,0,5.25,0.000718,23
1718,3,0.9586,1,1,0,4.5,0.000959,24
1719,3,1.0508,1,1,0,4.5,0.001051,61
1720,3,0.5,1,1,0,4.5,0.0005,20
1721,1,4.302,2,0,1,1.0,0.004302,44
1722,2,2.9344,1,1,0,5.25,0.002934,53
1723,3,0.8936,1,1,0,4.5,0.000894,28
1724,3,2.3045,1,1,0,4.5,0.002304,55
1725,3,1.516,1,1,0,4.5,0.001516,20
1726,1,2.4917,1,0,1,1.5,0.002492,22
1727,2,0.5,1,1,0,5.25,0.0005,43
1728,4,1.0486,1,0,0,3.0,0.001049,36
1729,1,1.1447,1,0,1,1.5,0.001145,49
1730,2,2.2632,1,1,0,5.25,0.002263,29
1731,4,0.6471,1,0,0,3.0,0.000647,22
1732,1,0.5,1,0,1,1.5,0.0005,20
1733,3,0.5,1,1,0,4.5,0.0005,20
1734,2,1.1412,1,1,0,5.25,0.001141,20
1735,4,1.2931,1,0,0,3.0,0.001293,40
1736,3,6.5332,2,1,0,3.0,0.006533,20
1737,4,2.1725,1,0,0,3.0,0.002173,40
1738,2,1.3161,1,1,0,5.25,0.001316,25
1739,3,1.1744,1,1,0,4.5,0.001174,138
1740,3,3.6595,2,1,0,3.0,0.00366,20
1741,2,0.6724,1,1,0,5.25,0.000672,422
1742,2,1.0543,1,1,0,5.25,0.001054,37
1743,1,0.5,1,0,1,1.5,0.0005,220
1744,4,5.0131,2,0,0,2.0,0.005013,230
1745,3,1.7962,1,1,0,4.5,0.001796,233
1746,3,0.5979,1,1,0,4.5,0.000598,30
1747,3,1.0819,1,1,0,4.5,0.001082,50
1748,3,2.0194,1,1,0,4.5,0.002019,33
1749,3,0.9441,1,1,0,4.5,0.000944,20
1750,2,0.7108,1,1,0,5.25,0.000711,28
1751,3,0.6306,1,1,0,4.5,0.000631,22
1752,2,1.7025,1,1,0,5.25,0.001703,20
1753,4,0.848,1,0,0,3.0,0.000848,28
1754,3,0.7706,1,1,0,4.5,0.000771,36
1755,2,0.5,1,1,0,5.25,0.0005,20
1756,3,1.311,1,1,0,4.5,0.001311,24
1757,1,1.012,1,0,1,1.5,0.001012,422
1758,4,0.8794,1,0,0,3.0,0.000879,35
1759,4,1.4798,1,0,0,3.0,0.00148,31
1760,4,2.5629,1,0,0,3.0,0.002563,36
1761,2,2.4466,1,1,0,5.25,0.002447,23
1762,2,2.1083,1,1,0,5.25,0.002108,22
1763,2,0.9536,1,1,0,5.25,0.000954,24
1764,1,0.6881,1,0,1,1.5,0.000688,71
1765,1,0.5,1,0,1,1.5,0.0005,34
1766,1,0.6703,1,0,1,1.5,0.00067,42
1767,4,1.2371,1,0,0,3.0,0.001237,28
1768,1,0.5526,1,0,1,1.5,0.000553,53
1769,1,1.3354,1,0,1,1.5,0.001335,24
1770,3,0.5,1,1,0,4.5,0.0005,22
1771,3,0.5,1,1,0,4.5,0.0005,25
1772,3,2.7526,1,1,0,4.5,0.002753,23
1773,3,0.7548,1,1,0,4.5,0.000755,28
1774,4,0.5252,1,0,0,3.0,0.000525,47
1775,3,0.5,1,1,0,4.5,0.0005,48
1776,3,1.8518,1,1,0,4.5,0.001852,47
1777,3,4.7973,2,1,0,3.0,0.004797,62
1778,2,0.8106,1,1,0,5.25,0.000811,29
1779,2,0.9778,1,1,0,5.25,0.000978,29
1780,3,3.5423,2,1,0,3.0,0.003542,44
1781,2,0.5,1,1,0,5.25,0.0005,21
1782,3,8.6713,2,1,0,3.0,0.008671,67
1783,2,13.9747,2,1,0,3.5,0.013975,28
1784,2,0.5,1,1,0,5.25,0.0005,30
1785,2,1.1004,1,1,0,5.25,0.0011,264
1786,3,0.5911,1,1,0,4.5,0.000591,42
1787,2,0.9309,1,1,0,5.25,0.000931,24
1788,3,0.7983,1,1,0,4.5,0.000798,41
1789,4,2.7317,1,0,0,3.0,0.002732,64
1790,1,1.0839,1,0,1,1.5,0.001084,22
1791,3,0.5,1,1,0,4.5,0.0005,21
1792,2,1.0212,1,1,0,5.25,0.001021,93
1793,2,2.0298,1,1,0,5.25,0.00203,52
1794,3,0.5,1,1,0,4.5,0.0005,104
1795,4,0.5,1,0,0,3.0,0.0005,44
1796,2,8.8986,2,1,0,3.5,0.008899,177
1797,3,0.6381,1,1,0,4.5,0.000638,21
1798,2,1.0574,1,1,0,5.25,0.001057,66
1799,3,0.8149,1,1,0,4.5,0.000815,211
1800,3,2.0985,1,1,0,4.5,0.002099,27
1801,3,7.1416,2,1,0,3.0,0.007142,27
1802,3,2.1664,1,1,0,4.5,0.002166,20
1803,1,0.5,1,0,1,1.5,0.0005,106
1804,3,0.5,1,1,0,4.5,0.0005,26
1805,3,0.814,1,1,0,4.5,0.000814,59
1806,3,0.9277,1,1,0,4.5,0.000928,27
1807,1,0.5,1,0,1,1.5,0.0005,23
1808,2,2.7524,1,1,0,5.25,0.002752,189
1809,2,0.5,1,1,0,5.25,0.0005,66
1810,1,5.4003,2,0,1,1.0,0.0054,26
1811,2,7.4916,2,1,0,3.5,0.007492,21
1812,2,0.9464,1,1,0,5.25,0.000946,26
1813,3,1.8816,1,1,0,4.5,0.001882,20
1814,2,0.5,1,1,0,5.25,0.0005,20
1815,3,2.2633,1,1,0,4.5,0.002263,32
1816,3,0.7371,1,1,0,4.5,0.000737,20
1817,3,0.5,1,1,0,4.5,0.0005,48
1818,3,0.9083,1,1,0,4.5,0.000908,40
1819,3,0.7614,1,1,0,4.5,0.000761,37
1820,3,0.8763,1,1,0,4.5,0.000876,20
1821,4,3.1356,2,0,0,2.0,0.003136,29
1822,3,0.5531,1,1,0,4.5,0.000553,30
1823,3,6.8769,2,1,0,3.0,0.006877,30
1824,3,0.5,1,1,0,4.5,0.0005,36
1825,3,6.1018,2,1,0,3.0,0.006102,22
1826,1,0.5,1,0,1,1.5,0.0005,24
1827,3,1.2118,1,1,0,4.5,0.001212,25
1828,3,0.743,1,1,0,4.5,0.000743,20
1829,4,0.8602,1,0,0,3.0,0.00086,22
1830,3,2.7034,1,1,0,4.5,0.002703,33
1831,3,5.4356,2,1,0,3.0,0.005436,124
1832,4,3.9895,2,0,0,2.0,0.00399,20
1833,3,0.8092,1,1,0,4.5,0.000809,32
1834,2,1.4585,1,1,0,5.25,0.001458,146
1835,2,0.5549,1,1,0,5.25,0.000555,27
1836,1,0.5,1,0,1,1.5,0.0005,20
1837,1,0.5,1,0,1,1.5,0.0005,25
1838,2,0.7832,1,1,0,5.25,0.000783,25
1839,3,1.557,1,1,0,4.5,0.001557,21
1840,3,0.5,1,1,0,4.5,0.0005,52
1841,1,1.1581,1,0,1,1.5,0.001158,68
1842,3,5.5244,2,1,0,3.0,0.005524,20
1843,2,3.725,2,1,0,3.5,0.003725,26
1844,4,0.6757,1,0,0,3.0,0.000676,20
1845,2,0.5,1,1,0,5.25,0.0005,108
1846,3,1.9213,1,1,0,4.5,0.001921,27
1847,2,0.5,1,1,0,5.25,0.0005,28
1848,3,3.6814,2,1,0,3.0,0.003681,40
1849,2,0.9798,1,1,0,5.25,0.00098,94
1850,3,7.5719,2,1,0,3.0,0.007572,69
1851,2,0.5,1,1,0,5.25,0.0005,21
1852,4,3.0383,2,0,0,2.0,0.003038,29
1853,3,1.0971,1,1,0,4.5,0.001097,48
1854,3,0.8712,1,1,0,4.5,0.000871,20
1855,3,0.5,1,1,0,4.5,0.0005,177
1856,4,2.201,1,0,0,3.0,0.002201,63
1857,2,2.3852,1,1,0,5.25,0.002385,34
1858,2,7.2303,2,1,0,3.5,0.00723,29
1859,2,3.3241,2,1,0,3.5,0.003324,43
1860,2,0.6698,1,1,0,5.25,0.00067,20
1861,3,0.5,1,1,0,4.5,0.0005,101
1862,4,0.5,1,0,0,3.0,0.0005,146
1863,4,5.2929,2,0,0,2.0,0.005293,59
1864,3,0.5571,1,1,0,4.5,0.000557,20
1865,3,5.3301,2,1,0,3.0,0.00533,34
1866,4,2.0508,1,0,0,3.0,0.002051,20
1867,4,1.6872,1,0,0,3.0,0.001687,30
1868,2,0.8925,1,1,0,5.25,0.000893,20
1869,3,2.3486,1,1,0,4.5,0.002349,48
1870,3,1.1944,1,1,0,4.5,0.001194,20
1871,2,0.8386,1,1,0,5.25,0.000839,34
1872,2,2.4331,1,1,0,5.25,0.002433,27
1873,4,1.0504,1,0,0,3.0,0.00105,532
1874,4,0.546,1,0,0,3.0,0.000546,59
1875,4,2.21,1,0,0,3.0,0.00221,30
1876,3,1.1379,1,1,0,4.5,0.001138,20
1877,2,1.9779,1,1,0,5.25,0.001978,69
1878,2,0.7705,1,1,0,5.25,0.000771,1000
1879,3,0.5,1,1,0,4.5,0.0005,67
1880,3,6.8773,2,1,0,3.0,0.006877,28
1881,3,5.696,2,1,0,3.0,0.005696,22
1882,3,2.9357,1,1,0,4.5,0.002936,37
1883,2,0.8231,1,1,0,5.25,0.000823,135
1884,3,0.8984,1,1,0,4.5,0.000898,83
1885,2,4.833,2,1,0,3.5,0.004833,41
1886,2,0.8516,1,1,0,5.25,0.000852,86
1887,1,0.6444,1,0,1,1.5,0.000644,27
1888,2,7.8883,2,1,0,3.5,0.007888,161
1889,4,1.1566,1,0,0,3.0,0.001157,20
1890,2,7.1105,2,1,0,3.5,0.00711,27
1891,2,0.5,1,1,0,5.25,0.0005,20
1892,3,2.0367,1,1,0,4.5,0.002037,50
1893,3,9.6237,2,1,0,3.0,0.009624,23
1894,1,1.2497,1,0,1,1.5,0.00125,21
1895,2,0.9316,1,1,0,5.25,0.000932,20
1896,2,0.5,1,1,0,5.25,0.0005,39
1897,3,3.5805,2,1,0,3.0,0.00358,31
1898,2,0.5616,1,1,0,5.25,0.000562,50
1899,1,1.1033,1,0,1,1.5,0.001103,36
1900,1,0.5,1,0,1,1.5,0.0005,20
1901,3,5.7548,2,1,0,3.0,0.005755,711
1902,1,3.8498,2,0,1,1.0,0.00385,24
1903,3,1.1753,1,1,0,4.5,0.001175,70
1904,2,0.5,1,1,0,5.25,0.0005,205
1905,3,5.6353,2,1,0,3.0,0.005635,269
1906,2,0.8413,1,1,0,5.25,0.000841,32
1907,2,0.5,1,1,0,5.25,0.0005,70
1908,1,0.5,1,0,1,1.5,0.0005,21
1909,3,0.6358,1,1,0,4.5,0.000636,44
1910,4,0.5,1,0,0,3.0,0.0005,49
1911,1,0.6507,1,0,1,1.5,0.000651,30
1912,2,2.5537,1,1,0,5.25,0.002554,28
1913,4,0.8334,1,0,0,3.0,0.000833,20
1914,3,1.7312,1,1,0,4.5,0.001731,69
1915,2,0.5885,1,1,0,5.25,0.000588,23
1916,2,1.2947,1,1,0,5.25,0.001295,21
1917,3,8.2817,2,1,0,3.0,0.008282,57
1918,3,0.8561,1,1,0,4.5,0.000856,21
1919,3,1.7817,1,1,0,4.5,0.001782,21
1920,4,0.5,1,0,0,3.0,0.0005,25
1921,3,5.547,2,1,0,3.0,0.005547,108
1922,2,0.7527,1,1,0,5.25,0.000753,20
1923,3,3.4684,2,1,0,3.0,0.003468,20
1924,2,1.0725,1,1,0,5.25,0.001072,20
1925,2,2.2361,1,1,0,5.25,0.002236,31
1926,1,2.373,1,0,1,1.5,0.002373,21
1927,2,0.7716,1,1,0,5.25,0.000772,37
1928,3,3.6149,2,1,0,3.0,0.003615,53
1929,1,0.5679,1,0,1,1.5,0.000568,20
1930,2,2.6408,1,1,0,5.25,0.002641,55
1931,3,0.8211,1,1,0,4.5,0.000821,20
1932,3,1.7207,1,1,0,4.5,0.001721,78
1933,3,0.7643,1,1,0,4.5,0.000764,80
1934,3,1.2752,1,1,0,4.5,0.001275,21
1935,3,0.5,1,1,0,4.5,0.0005,46
1936,1,1.5538,1,0,1,1.5,0.001554,67
1937,3,1.2679,1,1,0,4.5,0.001268,26
1938,3,0.7068,1,1,0,4.5,0.000707,168
1939,2,1.1481,1,1,0,5.25,0.001148,21
1940,1,1.387,1,0,1,1.5,0.001387,24
1941,2,0.6549,1,1,0,5.25,0.000655,71
1942,3,1.0665,1,1,0,4.5,0.001067,20
1943,2,0.5,1,1,0,5.25,0.0005,20
1944,2,12.6655,2,1,0,3.5,0.012665,28
1945,3,3.4983,2,1,0,3.0,0.003498,22
1946,4,1.594,1,0,0,3.0,0.001594,25
1947,2,3.9167,2,1,0,3.5,0.003917,44
1948,4,0.5,1,0,0,3.0,0.0005,23
1949,1,0.5,1,0,1,1.5,0.0005,47
1950,4,0.8137,1,0,0,3.0,0.000814,20
1951,4,0.5,1,0,0,3.0,0.0005,20
1952,1,0.9575,1,0,1,1.5,0.000957,40
1953,3,1.49,1,1,0,4.5,0.00149,55
1954,4,3.0452,2,0,0,2.0,0.003045,34
1955,4,0.5,1,0,0,3.0,0.0005,20
1956,4,1.809,1,0,0,3.0,0.001809,38
1957,3,1.2306,1,1,0,4.5,0.001231,35
1958,1,1.7171,1,0,1,1.5,0.001717,217
1959,3,0.7214,1,1,0,4.5,0.000721,22
1960,3,4.8369,2,1,0,3.0,0.004837,28
1961,3,1.0938,1,1,0,4.5,0.001094,25
1962,2,7.1516,2,1,0,3.5,0.007152,201
1963,3,0.5503,1,1,0,4.5,0.00055,31
1964,2,2.5497,1,1,0,5.25,0.00255,26
1965,3,1.1428,1,1,0,4.5,0.001143,28
1966,1,0.8741,1,0,1,1.5,0.000874,43
1967,3,2.2829,1,1,0,4.5,0.002283,30
1968,3,0.8994,1,1,0,4.5,0.000899,20
1969,3,0.5,1,1,0,4.5,0.0005,100
1970,3,0.5,1,1,0,4.5,0.0005,26
1971,2,4.33,2,1,0,3.5,0.00433,31
1972,4,4.1512,2,0,0,2.0,0.004151,44
1973,3,8.0084,2,1,0,3.0,0.008008,27
1974,2,1.192,1,1,0,5.25,0.001192,68
1975,2,0.5,1,1,0,5.25,0.0005,27
1976,2,0.7974,1,1,0,5.25,0.000797,73
1977,3,1.227,1,1,0,4.5,0.001227,21
1978,4,0.5,1,0,0,3.0,0.0005,49
1979,3,6.3074,2,1,0,3.0,0.006307,60
1980,2,11.389,2,1,0,3.5,0.011389,202
1981,4,1.957,1,0,0,3.0,0.001957,24
1982,2,1.2,1,1,0,5.25,0.0012,20
1983,4,0.5,1,0,0,3.0,0.0005,74
1984,2,5.695,2,1,0,3.5,0.005695,99
1985,3,1.3092,1,1,0,4.5,0.001309,25
1986,4,0.9084,1,0,0,3.0,0.000908,23
1987,2,1.9627,1,1,0,5.25,0.001963,88
1988,3,0.6753,1,1,0,4.5,0.000675,27
1989,4,1.405,1,0,0,3.0,0.001405,20
1990,2,0.5,1,1,0,5.25,0.0005,59
1991,1,3.5975,2,0,1,1.0,0.003597,36
1992,3,1.0928,1,1,0,4.5,0.001093,26
1993,2,3.8649,2,1,0,3.5,0.003865,20
1994,1,0.992,1,0,1,1.5,0.000992,90
1995,3,1.0586,1,1,0,4.5,0.001059,54
1996,3,0.5,1,1,0,4.5,0.0005,46
1997,2,2.5932,1,1,0,5.25,0.002593,27
1998,2,0.5053,1,1,0,5.25,0.000505,20
1999,3,0.7458,1,1,0,4.5,0.000746,180
2000,3,1.2143,1,1,0,4.5,0.001214,50
2001,3,1.3694,1,1,0,4.5,0.001369,102
2002,2,0.5,1,1,0,5.25,0.0005,20
2003,4,0.963,1,0,0,3.0,0.000963,23
2004,3,2.6869,1,1,0,4.5,0.002687,30
2005,1,0.8309,1,0,1,1.5,0.000831,22
2006,4,0.9689,1,0,0,3.0,0.000969,41
2007,3,1.427,1,1,0,4.5,0.001427,108
2008,1,1.0695,1,0,1,1.5,0.001069,26
2009,2,0.5,1,1,0,5.25,0.0005,25
2010,3,1.1698,1,1,0,4.5,0.00117,49
2011,1,3.278,2,0,1,1.0,0.003278,32
2012,2,0.5,1,1,0,5.25,0.0005,79
2013,1,0.8342,1,0,1,1.5,0.000834,20
2014,2,0.5,1,1,0,5.25,0.0005,129
2015,2,3.1097,2,1,0,3.5,0.00311,21
2016,3,1.106,1,1,0,4.5,0.001106,462
2017,2,0.5184,1,1,0,5.25,0.000518,20
2018,1,1.3303,1,0,1,1.5,0.00133,122
2019,3,0.5,1,1,0,4.5,0.0005,30
2020,2,0.5,1,1,0,5.25,0.0005,27
2021,3,0.5,1,1,0,4.5,0.0005,101
2022,1,0.5,1,0,1,1.5,0.0005,20
2023,1,4.7138,2,0,1,1.0,0.004714,54
2024,2,0.5828,1,1,0,5.25,0.000583,20
2025,3,1.9336,1,1,0,4.5,0.001934,20
2026,2,0.5256,1,1,0,5.25,0.000526,22
2027,3,2.5927,1,1,0,4.5,0.002593,20
2028,2,0.5,1,1,0,5.25,0.0005,130
2029,3,1.2616,1,1,0,4.5,0.001262,191
2030,3,1.2789,1,1,0,4.5,0.001279,23
2031,1,12.4404,2,0,1,1.0,0.01244,20
2032,3,2.2786,1,1,0,4.5,0.002279,23
2033,2,0.6705,1,1,0,5.25,0.00067,107
2034,2,2.4066,1,1,0,5.25,0.002407,135
2035,1,10.2915,2,0,1,1.0,0.010292,57
2036,3,0.5,1,1,0,4.5,0.0005,20
2037,4,0.5224,1,0,0,3.0,0.000522,45
2038,1,0.9572,1,0,1,1.5,0.000957,23
2039,3,0.7994,1,1,0,4.5,0.000799,20
2040,3,0.8697,1,1,0,4.5,0.00087,115
2041,2,0.5,1,1,0,5.25,0.0005,20
2042,3,4.9387,2,1,0,3.0,0.004939,25
2043,3,0.5,1,1,0,4.5,0.0005,20
2044,4,0.993,1,0,0,3.0,0.000993,44
2045,4,3.4521,2,0,0,2.0,0.003452,99
2046,1,1.177,1,0,1,1.5,0.001177,68
2047,2,0.5,1,1,0,5.25,0.0005,21
2048,3,0.5,1,1,0,4.5,0.0005,181
2049,1,0.9638,1,0,1,1.5,0.000964,33
2050,2,0.569,1,1,0,5.25,0.000569,1000
2051,4,1.4894,1,0,0,3.0,0.001489,128
2052,1,0.5,1,0,1,1.5,0.0005,20
2053,3,2.7351,1,1,0,4.5,0.002735,20
2054,3,1.3616,1,1,0,4.5,0.001362,65
2055,2,1.4667,1,1,0,5.25,0.001467,31
2056,3,5.1255,2,1,0,3.0,0.005125,52
2057,4,0.783,1,0,0,3.0,0.000783,32
2058,3,0.587,1,1,0,4.5,0.000587,20
2059,1,0.7014,1,0,1,1.5,0.000701,33
2060,1,1.0006,1,0,1,1.5,0.001001,117
2061,4,1.1076,1,0,0,3.0,0.001108,40
2062,2,0.5286,1,1,0,5.25,0.000529,45
2063,3,0.5,1,1,0,4.5,0.0005,410
2064,1,0.6923,1,0,1,1.5,0.000692,21
2065,2,1.7384,1,1,0,5.25,0.001738,61
2066,4,1.3901,1,0,0,3.0,0.00139,20
2067,3,4.0257,2,1,0,3.0,0.004026,328
2068,4,8.5731,2,0,0,2.0,0.008573,35
2069,2,2.5921,1,1,0,5.25,0.002592,20
2070,3,4.834,2,1,0,3.0,0.004834,23
2071,4,2.6115,1,0,0,3.0,0.002611,30
2072,2,6.7063,2,1,0,3.5,0.006706,24
2073,2,7.7214,2,1,0,3.5,0.007721,79
2074,4,3.1403,2,0,0,2.0,0.00314,71
2075,2,2.4584,1,1,0,5.25,0.002458,20
2076,3,0.988,1,1,0,4.5,0.000988,35
2077,4,1.1639,1,0,0,3.0,0.001164,24
2078,2,0.8653,1,1,0,5.25,0.000865,23
2079,2,2.2578,1,1,0,5.25,0.002258,22
2080,1,0.5903,1,0,1,1.5,0.00059,1000
2081,2,1.002,1,1,0,5.25,0.001002,206
2082,2,0.5,1,1,0,5.25,0.0005,58
2083,3,6.7953,2,1,0,3.0,0.006795,22
2084,2,0.973,1,1,0,5.25,0.000973,121
2085,3,1.9131,1,1,0,4.5,0.001913,40
2086,2,5.2118,2,1,0,3.5,0.005212,24
2087,2,1.6379,1,1,0,5.25,0.001638,31
2088,2,5.1423,2,1,0,3.5,0.005142,20
2089,3,0.5,1,1,0,4.5,0.0005,21
2090,3,13.3368,2,1,0,3.0,0.013337,34
2091,2,3.5976,2,1,0,3.5,0.003598,289
2092,4,1.4953,1,0,0,3.0,0.001495,153
2093,3,5.0441,2,1,0,3.0,0.005044,20
2094,2,0.5,1,1,0,5.25,0.0005,21
2095,4,0.9089,1,0,0,3.0,0.000909,30
2096,2,5.1418,2,1,0,3.5,0.005142,160
2097,1,0.5,1,0,1,1.5,0.0005,20
2098,3,2.1246,1,1,0,4.5,0.002125,71
2099,1,2.0654,1,0,1,1.5,0.002065,53
2100,2,8.6917,2,1,0,3.5,0.008692,26
2101,3,0.5,1,1,0,4.5,0.0005,39
2102,1,6.0665,2,0,1,1.0,0.006066,52
2103,3,0.6933,1,1,0,4.5,0.000693,20
2104,4,0.7758,1,0,0,3.0,0.000776,20
2105,3,0.5,1,1,0,4.5,0.0005,44
2106,3,0.5,1,1,0,4.5,0.0005,55
2107,3,1.8161,1,1,0,4.5,0.001816,24
2108,4,0.5,1,0,0,3.0,0.0005,678
2109,2,2.5432,1,1,0,5.25,0.002543,20
2110,2,0.6251,1,1,0,5.25,0.000625,119
2111,3,0.5,1,1,0,4.5,0.0005,22
2112,3,0.7156,1,1,0,4.5,0.000716,33
2113,2,1.6987,1,1,0,5.25,0.001699,58
2114,3,0.9192,1,1,0,4.5,0.000919,38
2115,1,1.2553,1,0,1,1.5,0.001255,24
2116,4,2.4336,1,0,0,3.0,0.002434,58
2117,2,3.5807,2,1,0,3.5,0.003581,27
2118,1,0.8896,1,0,1,1.5,0.00089,21
2119,1,0.5,1,0,1,1.5,0.0005,32
2120,2,1.309,1,1,0,5.25,0.001309,29
2121,2,1.9422,1,1,0,5.25,0.001942,234
2122,1,0.5,1,0,1,1.5,0.0005,21
2123,2,0.5,1,1,0,5.25,0.0005,20
2124,2,0.5909,1,1,0,5.25,0.000591,20
2125,2,0.9854,1,1,0,5.25,0.000985,34
2126,2,0.5667,1,1,0,5.25,0.000567,20
2127,2,2.4601,1,1,0,5.25,0.00246,71
2128,2,0.5,1,1,0,5.25,0.0005,29
2129,1,0.5,1,0,1,1.5,0.0005,46
2130,1,0.8687,1,0,1,1.5,0.000869,25
2131,2,1.0176,1,1,0,5.25,0.001018,21
2132,3,0.5,1,1,0,4.5,0.0005,25
2133,4,0.6613,1,0,0,3.0,0.000661,29
2134,4,0.8123,1,0,0,3.0,0.000812,49
2135,3,0.8186,1,1,0,4.5,0.000819,56
2136,3,1.412,1,1,0,4.5,0.001412,21
2137,2,0.626,1,1,0,5.25,0.000626,28
2138,3,5.3174,2,1,0,3.0,0.005317,134
2139,3,1.9765,1,1,0,4.5,0.001977,22
2140,3,0.5412,1,1,0,4.5,0.000541,26
2141,4,1.3333,1,0,0,3.0,0.001333,26
2142,2,1.3732,1,1,0,5.25,0.001373,22
2143,3,4.0872,2,1,0,3.0,0.004087,22
2144,3,0.6655,1,1,0,4.5,0.000665,37
2145,2,2.613,1,1,0,5.25,0.002613,29
2146,4,1.2649,1,0,0,3.0,0.001265,21
2147,1,5.3909,2,0,1,1.0,0.005391,20
2148,4,4.4107,2,0,0,2.0,0.004411,35
2149,3,1.4772,1,1,0,4.5,0.001477,56
2150,1,0.9332,1,0,1,1.5,0.000933,24
2151,3,2.0133,1,1,0,4.5,0.002013,25
2152,1,1.0128,1,0,1,1.5,0.001013,26
2153,3,6.5107,2,1,0,3.0,0.006511,54
2154,3,1.3121,1,1,0,4.5,0.001312,32
2155,3,0.8086,1,1,0,4.5,0.000809,273
2156,4,0.7661,1,0,0,3.0,0.000766,25
2157,1,0.5,1,0,1,1.5,0.0005,45
2158,2,2.1164,1,1,0,5.25,0.002116,29
2159,2,0.5343,1,1,0,5.25,0.000534,28
2160,1,3.6375,2,0,1,1.0,0.003637,20
2161,2,0.5,1,1,0,5.25,0.0005,33
2162,2,1.3777,1,1,0,5.25,0.001378,20
2163,2,3.8319,2,1,0,3.5,0.003832,44
2164,2,0.5,1,1,0,5.25,0.0005,30
2165,4,9.1286,2,0,0,2.0,0.009129,53
2166,2,0.7928,1,1,0,5.25,0.000793,77
2167,4,1.3969,1,0,0,3.0,0.001397,965
2168,2,2.1481,1,1,0,5.25,0.002148,30
2169,2,2.5075,1,1,0,5.25,0.002507,1000
2170,3,1.5953,1,1,0,4.5,0.001595,43
2171,2,3.2888,2,1,0,3.5,0.003289,20
2172,2,2.0385,1,1,0,5.25,0.002039,127
2173,3,7.0571,2,1,0,3.0,0.007057,20
2174,2,2.0452,1,1,0,5.25,0.002045,20
2175,2,8.6519,2,1,0,3.5,0.008652,85
2176,3,2.9869,1,1,0,4.5,0.002987,22
2177,2,0.5,1,1,0,5.25,0.0005,28
2178,3,16.5147,3,1,0,2.4,0.016515,22
2179,2,0.683,1,1,0,5.25,0.000683,20
2180,4,5.4124,2,0,0,2.0,0.005412,120
2181,3,1.246,1,1,0,4.5,0.001246,27
2182,4,3.5052,2,0,0,2.0,0.003505,50
2183,3,0.6094,1,1,0,4.5,0.000609,24
2184,1,2.268,1,0,1,1.5,0.002268,41
2185,3,0.9417,1,1,0,4.5,0.000942,20
2186,2,5.8835,2,1,0,3.5,0.005883,81
2187,3,1.881,1,1,0,4.5,0.001881,58
2188,3,3.0928,2,1,0,3.0,0.003093,38
2189,2,0.5,1,1,0,5.25,0.0005,27
2190,4,1.1136,1,0,0,3.0,0.001114,20
2191,1,1.8289,1,0,1,1.5,0.001829,22
2192,3,1.517,1,1,0,4.5,0.001517,27
2193,3,3.1718,2,1,0,3.0,0.003172,24
2194,1,0.8413,1,0,1,1.5,0.000841,22
2195,3,1.2737,1,1,0,4.5,0.001274,24
2196,3,3.9526,2,1,0,3.0,0.003953,67
2197,1,0.5,1,0,1,1.5,0.0005,27
2198,3,2.1869,1,1,0,4.5,0.002187,37
2199,2,0.8687,1,1,0,5.25,0.000869,57
2200,3,0.5,1,1,0,4.5,0.0005,20
2201,1,1.6984,1,0,1,1.5,0.001698,38
2202,4,4.1396,2,0,0,2.0,0.00414,20
2203,4,3.4291,2,0,0,2.0,0.003429,24
2204,2,1.0598,1,1,0,5.25,0.00106,66
2205,2,2.9121,1,1,0,5.25,0.002912,56
2206,3,2.8899,1,1,0,4.5,0.00289,20
2207,3,1.1116,1,1,0,4.5,0.001112,49
2208,2,0.6066,1,1,0,5.25,0.000607,22
2209,2,0.6427,1,1,0,5.25,0.000643,20
2210,1,2.8039,1,0,1,1.5,0.002804,20
2211,4,1.163,1,0,0,3.0,0.001163,22
2212,3,0.5,1,1,0,4.5,0.0005,21
2213,4,0.5,1,0,0,3.0,0.0005,30
2214,3,2.787,1,1,0,4.5,0.002787,20
2215,4,0.7021,1,0,0,3.0,0.000702,46
2216,1,1.688,1,0,1,1.5,0.001688,20
2217,1,4.1906,2,0,1,1.0,0.004191,21
2218,4,0.5,1,0,0,3.0,0.0005,25
2219,4,1.1595,1,0,0,3.0,0.00116,26
2220,2,1.0227,1,1,0,5.25,0.001023,32
2221,2,1.7734,1,1,0,5.25,0.001773,21
2222,3,4.1884,2,1,0,3.0,0.004188,31
2223,2,0.5,1,1,0,5.25,0.0005,47
2224,2,2.1446,1,1,0,5.25,0.002145,20
2225,4,3.403,2,0,0,2.0,0.003403,21
2226,2,1.0068,1,1,0,5.25,0.001007,32
2227,3,1.0573,1,1,0,4.5,0.001057,65
2228,1,1.8434,1,0,1,1.5,0.001843,20
2229,1,1.7125,1,0,1,1.5,0.001713,20
2230,3,2.1717,1,1,0,4.5,0.002172,83
2231,2,2.1264,1,1,0,5.25,0.002126,20
2232,3,0.5,1,1,0,4.5,0.0005,29
2233,1,3.2655,2,0,1,1.0,0.003266,135
2234,4,3.8959,2,0,0,2.0,0.003896,33
2235,3,1.4612,1,1,0,4.5,0.001461,20
2236,4,0.5,1,0,0,3.0,0.0005,39
2237,1,1.0816,1,0,1,1.5,0.001082,20
2238,2,1.4734,1,1,0,5.25,0.001473,41
2239,2,0.5,1,1,0,5.25,0.0005,31
2240,3,0.8462,1,1,0,4.5,0.000846,62
2241,2,0.5,1,1,0,5.25,0.0005,42
2242,1,2.2265,1,0,1,1.5,0.002227,21
2243,2,1.432,1,1,0,5.25,0.001432,27
2244,2,0.5,1,1,0,5.25,0.0005,20
2245,2,1.7239,1,1,0,5.25,0.001724,25
2246,2,1.1464,1,1,0,5.25,0.001146,36
2247,2,2.0331,1,1,0,5.25,0.002033,49
2248,3,0.8201,1,1,0,4.5,0.00082,20
2249,2,0.5443,1,1,0,5.25,0.000544,67
2250,2,0.5612,1,1,0,5.25,0.000561,20
2251,3,0.7082,1,1,0,4.5,0.000708,27
2252,3,1.2361,1,1,0,4.5,0.001236,22
2253,2,1.4065,1,1,0,5.25,0.001407,27
2254,3,1.0024,1,1,0,4.5,0.001002,56
2255,4,0.7944,1,0,0,3.0,0.000794,22
2256,3,0.8536,1,1,0,4.5,0.000854,21
2257,4,14.8927,2,0,0,2.0,0.014893,135
2258,3,0.5613,1,1,0,4.5,0.000561,159
2259,1,0.6943,1,0,1,1.5,0.000694,35
2260,2,32.6878,3,1,0,2.8,0.032688,33
2261,3,1.8481,1,1,0,4.5,0.001848,76
2262,4,0.5,1,0,0,3.0,0.0005,195
2263,3,2.8175,1,1,0,4.5,0.002817,52
2264,1,0.5,1,0,1,1.5,0.0005,20
2265,3,3.0108,2,1,0,3.0,0.003011,28
2266,1,0.9823,1,0,1,1.5,0.000982,26
2267,3,0.7814,1,1,0,4.5,0.000781,24
2268,3,6.0637,2,1,0,3.0,0.006064,20
2269,3,2.1373,1,1,0,4.5,0.002137,35
2270,4,3.2096,2,0,0,2.0,0.00321,20
2271,3,1.874,1,1,0,4.5,0.001874,36
2272,3,0.7778,1,1,0,4.5,0.000778,34
2273,3,2.2356,1,1,0,4.5,0.002236,36
2274,3,4.0648,2,1,0,3.0,0.004065,28
2275,4,1.388,1,0,0,3.0,0.001388,21
2276,1,7.3507,2,0,1,1.0,0.007351,755
2277,3,2.8395,1,1,0,4.5,0.00284,41
2278,2,1.4995,1,1,0,5.25,0.001499,41
2279,4,1.5599,1,0,0,3.0,0.00156,25
2280,3,1.3915,1,1,0,4.5,0.001392,43
2281,2,0.5,1,1,0,5.25,0.0005,20
2282,2,1.1086,1,1,0,5.25,0.001109,63
2283,2,1.5134,1,1,0,5.25,0.001513,113
2284,3,0.8002,1,1,0,4.5,0.0008,30
2285,2,1.7003,1,1,0,5.25,0.0017,28
2286,1,1.2392,1,0,1,1.5,0.001239,53
2287,4,2.6296,1,0,0,3.0,0.00263,34
2288,3,2.3543,1,1,0,4.5,0.002354,84
2289,2,1.4338,1,1,0,5.25,0.001434,20
2290,2,0.5,1,1,0,5.25,0.0005,103
2291,4,7.2708,2,0,0,2.0,0.007271,45
2292,3,1.0526,1,1,0,4.5,0.001053,34
2293,3,1.1188,1,1,0,4.5,0.001119,24
2294,2,0.8612,1,1,0,5.25,0.000861,31
2295,2,0.7443,1,1,0,5.25,0.000744,72
2296,1,5.6814,2,0,1,1.0,0.005681,48
2297,3,4.851,2,1,0,3.0,0.004851,25
2298,1,1.8918,1,0,1,1.5,0.001892,20
2299,1,1.0894,1,0,1,1.5,0.001089,48
2300,3,2.253,1,1,0,4.5,0.002253,28
2301,4,1.306,1,0,0,3.0,0.001306,25
2302,3,1.0029,1,1,0,4.5,0.001003,46
2303,3,1.7011,1,1,0,4.5,0.001701,24
2304,3,0.7804,1,1,0,4.5,0.00078,61
2305,2,1.5611,1,1,0,5.25,0.001561,22
2306,2,1.4879,1,1,0,5.25,0.001488,20
2307,3,2.2168,1,1,0,4.5,0.002217,72
2308,2,0.6531,1,1,0,5.25,0.000653,21
2309,3,2.4677,1,1,0,4.5,0.002468,21
2310,4,0.5,1,0,0,3.0,0.0005,24
2311,4,0.6843,1,0,0,3.0,0.000684,21
2312,1,0.7148,1,0,1,1.5,0.000715,22
2313,2,0.5,1,1,0,5.25,0.0005,38
2314,2,3.3495,2,1,0,3.5,0.003349,23
2315,2,0.5,1,1,0,5.25,0.0005,27
2316,2,0.603,1,1,0,5.25,0.000603,23
2317,2,4.257,2,1,0,3.5,0.004257,378
2318,3,0.6856,1,1,0,4.5,0.000686,85
2319,3,1.005,1,1,0,4.5,0.001005,20
2320,4,0.5,1,0,0,3.0,0.0005,20
2321,1,2.7902,1,0,1,1.5,0.00279,29
2322,1,2.8289,1,0,1,1.5,0.002829,30
2323,2,2.5398,1,1,0,5.25,0.00254,26
2324,1,2.0765,1,0,1,1.5,0.002076,20
2325,2,1.3057,1,1,0,5.25,0.001306,124
2326,4,0.718,1,0,0,3.0,0.000718,57
2327,2,0.537,1,1,0,5.25,0.000537,41
2328,2,4.4064,2,1,0,3.5,0.004406,22
2329,3,2.6064,1,1,0,4.5,0.002606,20
2330,3,0.6064,1,1,0,4.5,0.000606,20
2331,3,1.2624,1,1,0,4.5,0.001262,24
2332,2,0.8986,1,1,0,5.25,0.000899,20
2333,3,0.5,1,1,0,4.5,0.0005,56
2334,1,1.4489,1,0,1,1.5,0.001449,30
2335,2,0.8006,1,1,0,5.25,0.000801,51
2336,3,0.5,1,1,0,4.5,0.0005,32
2337,4,0.5,1,0,0,3.0,0.0005,25
2338,2,0.5,1,1,0,5.25,0.0005,53
2339,3,0.8367,1,1,0,4.5,0.000837,20
2340,1,1.1141,1,0,1,1.5,0.001114,34
2341,2,0.5055,1,1,0,5.25,0.000506,20
2342,1,2.3254,1,0,1,1.5,0.002325,49
2343,3,1.1361,1,1,0,4.5,0.001136,26
2344,2,2.1598,1,1,0,5.25,0.00216,21
2345,3,1.0103,1,1,0,4.5,0.00101,185
2346,1,0.5521,1,0,1,1.5,0.000552,51
2347,4,1.3597,1,0,0,3.0,0.00136,135
2348,3,0.5,1,1,0,4.5,0.0005,20
2349,1,2.0805,1,0,1,1.5,0.00208,20
2350,1,0.5,1,0,1,1.5,0.0005,29
2351,1,3.0385,2,0,1,1.0,0.003039,28
2352,4,0.8648,1,0,0,3.0,0.000865,33
2353,2,3.5102,2,1,0,3.5,0.00351,20
2354,3,0.5,1,1,0,4.5,0.0005,45
2355,2,0.6159,1,1,0,5.25,0.000616,55
2356,3,1.7755,1,1,0,4.5,0.001776,20
2357,3,3.9104,2,1,0,3.0,0.00391,73
2358,3,6.4222,2,1,0,3.0,0.006422,61
2359,4,1.2643,1,0,0,3.0,0.001264,38
2360,2,7.6209,2,1,0,3.5,0.007621,20
2361,3,0.908,1,1,0,4.5,0.000908,32
2362,1,3.6397,2,0,1,1.0,0.00364,50
2363,3,0.5,1,1,0,4.5,0.0005,27
2364,4,1.8466,1,0,0,3.0,0.001847,32
2365,3,0.5,1,1,0,4.5,0.0005,22
2366,3,0.5,1,1,0,4.5,0.0005,104
2367,2,1.9345,1,1,0,5.25,0.001934,21
2368,2,0.5,1,1,0,5.25,0.0005,56
2369,2,1.8591,1,1,0,5.25,0.001859,20
2370,3,3.003,2,1,0,3.0,0.003003,24
2371,3,0.7348,1,1,0,4.5,0.000735,50
2372,2,0.5,1,1,0,5.25,0.0005,41
2373,2,0.755,1,1,0,5.25,0.000755,41
2374,2,0.5,1,1,0,5.25,0.0005,24
2375,2,1.0963,1,1,0,5.25,0.001096,21
2376,1,1.3434,1,0,1,1.5,0.001343,68
2377,4,0.8933,1,0,0,3.0,0.000893,582
2378,3,6.4721,2,1,0,3.0,0.006472,26
2379,1,0.5908,1,0,1,1.5,0.000591,57
2380,3,4.8772,2,1,0,3.0,0.004877,26
2381,3,0.5,1,1,0,4.5,0.0005,44
2382,2,1.3046,1,1,0,5.25,0.001305,33
2383,2,3.96,2,1,0,3.5,0.00396,92
2384,1,3.7603,2,0,1,1.0,0.00376,117
2385,1,0.7968,1,0,1,1.5,0.000797,493
2386,3,2.1132,1,1,0,4.5,0.002113,26
2387,4,1.8484,1,0,0,3.0,0.001848,20
2388,1,0.707,1,0,1,1.5,0.000707,21
2389,3,2.2459,1,1,0,4.5,0.002246,184
2390,1,7.8118,2,0,1,1.0,0.007812,23
2391,3,1.9442,1,1,0,4.5,0.001944,198
2392,3,2.1372,1,1,0,4.5,0.002137,112
2393,2,2.3757,1,1,0,5.25,0.002376,57
2394,1,0.5,1,0,1,1.5,0.0005,54
2395,3,1.922,1,1,0,4.5,0.001922,25
2396,4,0.5,1,0,0,3.0,0.0005,1000
2397,2,0.6725,1,1,0,5.25,0.000673,20
2398,2,10.5391,2,1,0,3.5,0.010539,24
2399,1,0.9417,1,0,1,1.5,0.000942,20
2400,3,0.5787,1,1,0,4.5,0.000579,65
2401,3,3.841,2,1,0,3.0,0.003841,34
2402,3,0.5,1,1,0,4.5,0.0005,299
2403,3,0.7755,1,1,0,4.5,0.000775,24
2404,4,4.23,2,0,0,2.0,0.00423,27
2405,3,1.2661,1,1,0,4.5,0.001266,20
2406,2,0.5,1,1,0,5.25,0.0005,28
2407,3,2.0899,1,1,0,4.5,0.00209,20
2408,2,0.816,1,1,0,5.25,0.000816,21
2409,2,5.6576,2,1,0,3.5,0.005658,20
2410,4,0.6616,1,0,0,3.0,0.000662,31
2411,3,3.4708,2,1,0,3.0,0.003471,67
2412,4,7.1624,2,0,0,2.0,0.007162,36
2413,2,0.518,1,1,0,5.25,0.000518,21
2414,3,0.9999,1,1,0,4.5,0.001,46
2415,3,1.7892,1,1,0,4.5,0.001789,554
2416,1,0.5147,1,0,1,1.5,0.000515,99
2417,2,1.5895,1,1,0,5.25,0.00159,22
2418,3,0.9687,1,1,0,4.5,0.000969,20
2419,1,0.9494,1,0,1,1.5,0.000949,33
2420,4,1.2739,1,0,0,3.0,0.001274,34
2421,1,1.3027,1,0,1,1.5,0.001303,33
2422,2,1.4291,1,1,0,5.25,0.001429,23
2423,3,0.6665,1,1,0,4.5,0.000667,20
2424,1,0.6963,1,0,1,1.5,0.000696,34
2425,4,1.0774,1,0,0,3.0,0.001077,25
2426,3,1.16,1,1,0,4.5,0.00116,280
2427,1,0.7822,1,0,1,1.5,0.000782,60
2428,3,1.6771,1,1,0,4.5,0.001677,80
2429,3,0.5,1,1,0,4.5,0.0005,20
2430,3,0.5843,1,1,0,4.5,0.000584,20
2431,3,0.9169,1,1,0,4.5,0.000917,56
2432,3,0.5153,1,1,0,4.5,0.000515,20
2433,3,6.1863,2,1,0,3.0,0.006186,41
2434,2,1.2362,1,1,0,5.25,0.001236,35
2435,3,1.4476,1,1,0,4.5,0.001448,29
2436,4,0.7482,1,0,0,3.0,0.000748,25
2437,3,1.1941,1,1,0,4.5,0.001194,20
2438,3,0.5,1,1,0,4.5,0.0005,24
2439,2,1.0236,1,1,0,5.25,0.001024,63
2440,3,0.5,1,1,0,4.5,0.0005,74
2441,4,0.9192,1,0,0,3.0,0.000919,26
2442,2,0.5,1,1,0,5.25,0.0005,61
2443,2,0.5,1,1,0,5.25,0.0005,39
2444,3,5.2439,2,1,0,3.0,0.005244,27
2445,3,2.783,1,1,0,4.5,0.002783,36
2446,3,4.5366,2,1,0,3.0,0.004537,20
2447,1,4.8592,2,0,1,1.0,0.004859,47
2448,2,2.3777,1,1,0,5.25,0.002378,24
2449,3,0.7713,1,1,0,4.5,0.000771,46
2450,3,0.5,1,1,0,4.5,0.0005,54
2451,3,3.8186,2,1,0,3.0,0.003819,1000
2452,3,1.294,1,1,0,4.5,0.001294,20
2453,3,14.69,2,1,0,3.0,0.01469,41
2454,3,0.842,1,1,0,4.5,0.000842,20
2455,3,8.7237,2,1,0,3.0,0.008724,20
2456,3,1.037,1,1,0,4.5,0.001037,94
2457,3,4.6145,2,1,0,3.0,0.004614,161
2458,1,6.6183,2,0,1,1.0,0.006618,28
2459,2,0.5,1,1,0,5.25,0.0005,60
2460,3,0.7469,1,1,0,4.5,0.000747,123
2461,4,0.5,1,0,0,3.0,0.0005,66
2462,3,0.5,1,1,0,4.5,0.0005,37
2463,1,2.3637,1,0,1,1.5,0.002364,29
2464,3,0.9965,1,1,0,4.5,0.000997,51
2465,2,1.2783,1,1,0,5.25,0.001278,20
2466,3,2.1157,1,1,0,4.5,0.002116,27
2467,3,0.5,1,1,0,4.5,0.0005,20
2468,3,4.3926,2,1,0,3.0,0.004393,20
2469,3,0.8556,1,1,0,4.5,0.000856,96
2470,2,2.0659,1,1,0,5.25,0.002066,63
2471,2,2.2566,1,1,0,5.25,0.002257,42
2472,4,4.7776,2,0,0,2.0,0.004778,72
2473,3,1.0923,1,1,0,4.5,0.001092,26
2474,3,0.5,1,1,0,4.5,0.0005,87
2475,2,1.2844,1,1,0,5.25,0.001284,20
2476,1,1.4827,1,0,1,1.5,0.001483,38
2477,1,0.5,1,0,1,1.5,0.0005,38
2478,2,1.4058,1,1,0,5.25,0.001406,34
2479,2,0.8455,1,1,0,5.25,0.000845,21
2480,4,0.5,1,0,0,3.0,0.0005,20
2481,3,2.3741,1,1,0,4.5,0.002374,30
2482,2,0.6903,1,1,0,5.25,0.00069,65
2483,1,0.808,1,0,1,1.5,0.000808,50
2484,2,0.7638,1,1,0,5.25,0.000764,34
2485,3,4.173,2,1,0,3.0,0.004173,20
2486,2,1.1644,1,1,0,5.25,0.001164,31
2487,3,1.3129,1,1,0,4.5,0.001313,20
2488,3,0.7808,1,1,0,4.5,0.000781,20
2489,1,1.9271,1,0,1,1.5,0.001927,20
2490,3,4.6761,2,1,0,3.0,0.004676,43
2491,4,2.3187,1,0,0,3.0,0.002319,39
2492,2,2.4109,1,1,0,5.25,0.002411,20
2493,1,2.2242,1,0,1,1.5,0.002224,21
2494,4,0.5,1,0,0,3.0,0.0005,65
2495,4,0.5051,1,0,0,3.0,0.000505,20
2496,3,0.9882,1,1,0,4.5,0.000988,38
2497,3,0.587,1,1,0,4.5,0.000587,25
2498,2,0.5,1,1,0,5.25,0.0005,58
2499,3,0.5,1,1,0,4.5,0.0005,20
2500,3,0.5,1,1,0,4.5,0.0005,23
2501,1,0.9386,1,0,1,1.5,0.000939,22
2502,3,1.1317,1,1,0,4.5,0.001132,31
2503,4,0.5489,1,0,0,3.0,0.000549,122
2504,3,1.3127,1,1,0,4.5,0.001313,20
2505,2,0.7861,1,1,0,5.25,0.000786,42
2506,1,3.61,2,0,1,1.0,0.00361,33
2507,4,1.032,1,0,0,3.0,0.001032,21
2508,4,2.4339,1,0,0,3.0,0.002434,50
2509,3,1.4864,1,1,0,4.5,0.001486,46
2510,3,0.5,1,1,0,4.5,0.0005,43
2511,3,1.1079,1,1,0,4.5,0.001108,35
2512,2,0.5,1,1,0,5.25,0.0005,55
2513,1,1.0887,1,0,1,1.5,0.001089,222
2514,1,0.5758,1,0,1,1.5,0.000576,101
2515,2,1.7773,1,1,0,5.25,0.001777,36
2516,3,0.5,1,1,0,4.5,0.0005,30
2517,1,1.231,1,0,1,1.5,0.001231,49
2518,2,2.1502,1,1,0,5.25,0.00215,30
2519,3,3.0064,2,1,0,3.0,0.003006,22
2520,2,0.5649,1,1,0,5.25,0.000565,20
2521,2,1.2348,1,1,0,5.25,0.001235,57
2522,3,1.4583,1,1,0,4.5,0.001458,20
2523,2,5.6989,2,1,0,3.5,0.005699,32
2524,3,0.5,1,1,0,4.5,0.0005,30
2525,4,0.5,1,0,0,3.0,0.0005,44
2526,2,20.0376,3,1,0,2.8,0.020038,949
2527,4,0.9232,1,0,0,3.0,0.000923,31
2528,4,0.5,1,0,0,3.0,0.0005,23
2529,3,0.6775,1,1,0,4.5,0.000677,30
2530,3,0.5,1,1,0,4.5,0.0005,21
2531,3,1.5435,1,1,0,4.5,0.001544,39
2532,3,2.7263,1,1,0,4.5,0.002726,35
2533,3,0.5,1,1,0,4.5,0.0005,20
2534,1,0.7576,1,0,1,1.5,0.000758,20
2535,4,3.0551,2,0,0,2.0,0.003055,22
2536,3,0.5,1,1,0,4.5,0.0005,20
2537,3,0.5,1,1,0,4.5,0.0005,29
2538,2,0.9656,1,1,0,5.25,0.000966,22
2539,1,0.5717,1,0,1,1.5,0.000572,28
2540,3,0.9042,1,1,0,4.5,0.000904,41
2541,3,0.5,1,1,0,4.5,0.0005,68
2542,2,1.503,1,1,0,5.25,0.001503,20
2543,2,1.0449,1,1,0,5.25,0.001045,62
2544,2,2.1008,1,1,0,5.25,0.002101,31
2545,3,1.4822,1,1,0,4.5,0.001482,611
2546,2,1.4916,1,1,0,5.25,0.001492,20
2547,4,0.5,1,0,0,3.0,0.0005,41
2548,2,1.9852,1,1,0,5.25,0.001985,92
2549,2,0.8713,1,1,0,5.25,0.000871,36
2550,2,1.0269,1,1,0,5.25,0.001027,27
2551,3,3.4605,2,1,0,3.0,0.00346,114
2552,3,0.5908,1,1,0,4.5,0.000591,20
2553,3,4.6848,2,1,0,3.0,0.004685,51
2554,4,5.1429,2,0,0,2.0,0.005143,365
2555,2,2.5752,1,1,0,5.25,0.002575,26
2556,3,0.5,1,1,0,4.5,0.0005,28
2557,1,0.5,1,0,1,1.5,0.0005,20
2558,2,3.5679,2,1,0,3.5,0.003568,21
2559,3,1.356,1,1,0,4.5,0.001356,28
2560,1,0.5758,1,0,1,1.5,0.000576,20
2561,3,3.9224,2,1,0,3.0,0.003922,27
2562,3,0.5125,1,1,0,4.5,0.000513,95
2563,3,0.7937,1,1,0,4.5,0.000794,54
2564,3,2.0504,1,1,0,4.5,0.00205,26
2565,3,0.5,1,1,0,4.5,0.0005,20
2566,2,1.0873,1,1,0,5.25,0.001087,20
2567,1,3.6049,2,0,1,1.0,0.003605,26
2568,1,1.4982,1,0,1,1.5,0.001498,21
2569,3,4.2231,2,1,0,3.0,0.004223,28
2570,4,3.7688,2,0,0,2.0,0.003769,20
2571,1,1.2225,1,0,1,1.5,0.001222,21
2572,3,0.5,1,1,0,4.5,0.0005,48
2573,3,0.5,1,1,0,4.5,0.0005,37
2574,3,2.6025,1,1,0,4.5,0.002603,90
2575,3,0.5,1,1,0,4.5,0.0005,25
2576,3,0.875,1,1,0,4.5,0.000875,21
2577,3,1.7017,1,1,0,4.5,0.001702,62
2578,4,5.2736,2,0,0,2.0,0.005274,34
2579,1,0.6826,1,0,1,1.5,0.000683,21
2580,4,0.6374,1,0,0,3.0,0.000637,22
2581,1,1.1511,1,0,1,1.5,0.001151,21
2582,3,1.723,1,1,0,4.5,0.001723,50
2583,1,1.0397,1,0,1,1.5,0.00104,434
2584,2,3.464,2,1,0,3.5,0.003464,31
2585,1,0.5455,1,0,1,1.5,0.000546,32
2586,2,1.3679,1,1,0,5.25,0.001368,41
2587,2,1.8934,1,1,0,5.25,0.001893,31
2588,2,0.813,1,1,0,5.25,0.000813,20
2589,3,2.8091,1,1,0,4.5,0.002809,33
2590,2,1.4079,1,1,0,5.25,0.001408,24
2591,3,2.6698,1,1,0,4.5,0.00267,38
2592,4,1.4729,1,0,0,3.0,0.001473,28
2593,3,1.7675,1,1,0,4.5,0.001767,20
2594,1,0.6445,1,0,1,1.5,0.000645,1000
2595,2,0.6456,1,1,0,5.25,0.000646,20
2596,4,4.127,2,0,0,2.0,0.004127,36
2597,1,2.2902,1,0,1,1.5,0.00229,22
2598,2,0.5,1,1,0,5.25,0.0005,20
2599,4,1.4536,1,0,0,3.0,0.001454,20
2600,4,0.5,1,0,0,3.0,0.0005,27
2601,2,0.6833,1,1,0,5.25,0.000683,26
2602,3,3.1714,2,1,0,3.0,0.003171,35
2603,3,1.0704,1,1,0,4.5,0.00107,24
2604,3,1.3649,1,1,0,4.5,0.001365,20
2605,1,0.5,1,0,1,1.5,0.0005,33
2606,1,0.8195,1,0,1,1.5,0.000819,30
2607,3,1.7013,1,1,0,4.5,0.001701,35
2608,2,1.9318,1,1,0,5.25,0.001932,40
2609,3,3.1756,2,1,0,3.0,0.003176,20
2610,2,0.983,1,1,0,5.25,0.000983,22
2611,4,1.0279,1,0,0,3.0,0.001028,42
2612,3,0.5,1,1,0,4.5,0.0005,24
2613,3,0.9887,1,1,0,4.5,0.000989,82
2614,3,0.5,1,1,0,4.5,0.0005,21
2615,2,0.5,1,1,0,5.25,0.0005,20
2616,3,0.5,1,1,0,4.5,0.0005,20
2617,2,5.484,2,1,0,3.5,0.005484,38
2618,4,0.9255,1,0,0,3.0,0.000926,97
2619,3,1.5114,1,1,0,4.5,0.001511,49
2620,4,0.7259,1,0,0,3.0,0.000726,26
2621,4,0.5,1,0,0,3.0,0.0005,110
2622,4,3.0934,2,0,0,2.0,0.003093,79
2623,2,0.5,1,1,0,5.25,0.0005,803
2624,4,0.6965,1,0,0,3.0,0.000697,26
2625,3,1.1486,1,1,0,4.5,0.001149,22
2626,2,1.5275,1,1,0,5.25,0.001528,39
2627,3,0.5867,1,1,0,4.5,0.000587,69
2628,2,0.5,1,1,0,5.25,0.0005,51
2629,2,0.5445,1,1,0,5.25,0.000544,20
2630,2,0.5737,1,1,0,5.25,0.000574,25
2631,1,0.5599,1,0,1,1.5,0.00056,20
2632,3,3.2002,2,1,0,3.0,0.0032,20
2633,4,0.5,1,0,0,3.0,0.0005,25
2634,3,1.6391,1,1,0,4.5,0.001639,1000
2635,3,1.4211,1,1,0,4.5,0.001421,41
2636,2,3.1696,2,1,0,3.5,0.00317,414
2637,3,1.0619,1,1,0,4.5,0.001062,39
2638,2,2.6759,1,1,0,5.25,0.002676,21
2639,3,1.0211,1,1,0,4.5,0.001021,24
2640,2,1.873,1,1,0,5.25,0.001873,30
2641,3,0.5,1,1,0,4.5,0.0005,27
2642,3,0.5,1,1,0,4.5,0.0005,37
2643,3,1.7695,1,1,0,4.5,0.001769,22
2644,4,1.867,1,0,0,3.0,0.001867,63
2645,2,1.9516,1,1,0,5.25,0.001952,41
2646,4,0.7176,1,0,0,3.0,0.000718,31
2647,3,5.381,2,1,0,3.0,0.005381,37
2648,3,0.7659,1,1,0,4.5,0.000766,20
2649,3,1.8479,1,1,0,4.5,0.001848,21
2650,3,2.1985,1,1,0,4.5,0.002199,149
2651,4,6.7658,2,0,0,2.0,0.006766,23
2652,2,0.8835,1,1,0,5.25,0.000883,22
2653,3,0.6313,1,1,0,4.5,0.000631,37
2654,3,0.5,1,1,0,4.5,0.0005,20
2655,3,5.7288,2,1,0,3.0,0.005729,20
2656,4,1.8488,1,0,0,3.0,0.001849,41
2657,2,1.9083,1,1,0,5.25,0.001908,28
2658,3,27.3811,3,1,0,2.4,0.027381,83
2659,1,1.679,1,0,1,1.5,0.001679,29
2660,2,0.5,1,1,0,5.25,0.0005,22
2661,3,0.9972,1,1,0,4.5,0.000997,39
2662,2,0.5,1,1,0,5.25,0.0005,21
2663,2,0.8165,1,1,0,5.25,0.000817,41
2664,2,0.811,1,1,0,5.25,0.000811,20
2665,3,0.6744,1,1,0,4.5,0.000674,41
2666,3,0.5,1,1,0,4.5,0.0005,45
2667,4,5.9634,2,0,0,2.0,0.005963,22
2668,1,1.6356,1,0,1,1.5,0.001636,22
2669,3,0.9682,1,1,0,4.5,0.000968,20
2670,3,2.5877,1,1,0,4.5,0.002588,20
2671,3,1.943,1,1,0,4.5,0.001943,30
2672,2,1.5981,1,1,0,5.25,0.001598,28
2673,2,2.4064,1,1,0,5.25,0.002406,34
2674,3,1.3869,1,1,0,4.5,0.001387,25
2675,3,2.3711,1,1,0,4.5,0.002371,70
2676,3,2.5761,1,1,0,4.5,0.002576,46
2677,3,1.4274,1,1,0,4.5,0.001427,26
2678,3,0.9731,1,1,0,4.5,0.000973,56
2679,3,5.6044,2,1,0,3.0,0.005604,20
2680,2,0.7522,1,1,0,5.25,0.000752,33
2681,3,1.794,1,1,0,4.5,0.001794,29
2682,4,1.835,1,0,0,3.0,0.001835,28
2683,2,0.6594,1,1,0,5.25,0.000659,20
2684,3,0.5408,1,1,0,4.5,0.000541,73
2685,2,0.8515,1,1,0,5.25,0.000852,21
2686,3,0.7415,1,1,0,4.5,0.000742,34
2687,2,0.5,1,1,0,5.25,0.0005,31
2688,3,0.6323,1,1,0,4.5,0.000632,25
2689,2,1.5831,1,1,0,5.25,0.001583,20
2690,3,4.302,2,1,0,3.0,0.004302,491
2691,4,2.1118,1,0,0,3.0,0.002112,32
2692,2,0.5,1,1,0,5.25,0.0005,233
2693,4,2.3035,1,0,0,3.0,0.002304,169
2694,4,0.6942,1,0,0,3.0,0.000694,20
2695,4,1.9083,1,0,0,3.0,0.001908,23
2696,2,1.196,1,1,0,5.25,0.001196,51
2697,3,1.0005,1,1,0,4.5,0.001,44
2698,1,1.0952,1,0,1,1.5,0.001095,106
2699,2,1.1862,1,1,0,5.25,0.001186,158
2700,4,4.6532,2,0,0,2.0,0.004653,51
2701,3,1.1894,1,1,0,4.5,0.001189,34
2702,3,3.5919,2,1,0,3.0,0.003592,27
2703,2,3.1051,2,1,0,3.5,0.003105,79
2704,3,2.3636,1,1,0,4.5,0.002364,22
2705,3,0.5,1,1,0,4.5,0.0005,27
2706,3,3.7054,2,1,0,3.0,0.003705,190
2707,4,0.7674,1,0,0,3.0,0.000767,33
2708,2,2.4815,1,1,0,5.25,0.002482,75
2709,2,0.5,1,1,0,5.25,0.0005,43
2710,3,0.5,1,1,0,4.5,0.0005,25
2711,4,8.7542,2,0,0,2.0,0.008754,20
2712,2,0.5,1,1,0,5.25,0.0005,51
2713,2,3.8162,2,1,0,3.5,0.003816,22
2714,1,1.3656,1,0,1,1.5,0.001366,34
2715,4,0.7969,1,0,0,3.0,0.000797,20
2716,2,1.1599,1,1,0,5.25,0.00116,50
2717,3,0.5,1,1,0,4.5,0.0005,52
2718,4,1.1965,1,0,0,3.0,0.001196,23
2719,1,0.5,1,0,1,1.5,0.0005,51
2720,3,0.8169,1,1,0,4.5,0.000817,34
2721,3,3.0601,2,1,0,3.0,0.00306,23
2722,3,1.5641,1,1,0,4.5,0.001564,22
2723,2,0.5,1,1,0,5.25,0.0005,23
2724,2,2.8424,1,1,0,5.25,0.002842,22
2725,2,1.2045,1,1,0,5.25,0.001204,20
2726,3,0.7054,1,1,0,4.5,0.000705,40
2727,3,2.5595,1,1,0,4.5,0.00256,33
2728,1,1.0263,1,0,1,1.5,0.001026,87
2729,2,0.5,1,1,0,5.25,0.0005,51
2730,4,7.698,2,0,0,2.0,0.007698,20
2731,1,1.1923,1,0,1,1.5,0.001192,21
2732,2,1.1182,1,1,0,5.25,0.001118,88
2733,3,0.809,1,1,0,4.5,0.000809,302
2734,2,3.9476,2,1,0,3.5,0.003948,20
2735,2,0.7177,1,1,0,5.25,0.000718,132
2736,3,0.5,1,1,0,4.5,0.0005,20
2737,2,0.6154,1,1,0,5.25,0.000615,31
2738,3,4.5719,2,1,0,3.0,0.004572,120
2739,3,2.7879,1,1,0,4.5,0.002788,57
2740,3,0.94,1,1,0,4.5,0.00094,90
2741,1,4.7894,2,0,1,1.0,0.004789,24
2742,3,2.5628,1,1,0,4.5,0.002563,48
2743,2,0.9292,1,1,0,5.25,0.000929,30
2744,3,1.0276,1,1,0,4.5,0.001028,59
2745,2,1.6862,1,1,0,5.25,0.001686,20
2746,3,0.528,1,1,0,4.5,0.000528,20
2747,2,1.2185,1,1,0,5.25,0.001219,40
2748,2,1.6515,1,1,0,5.25,0.001651,26
2749,3,0.5,1,1,0,4.5,0.0005,57
2750,1,1.0038,1,0,1,1.5,0.001004,23
2751,2,0.8959,1,1,0,5.25,0.000896,29
2752,3,3.3913,2,1,0,3.0,0.003391,72
2753,3,0.5,1,1,0,4.5,0.0005,28
2754,1,0.8283,1,0,1,1.5,0.000828,25
2755,4,0.7493,1,0,0,3.0,0.000749,90
2756,3,3.1684,2,1,0,3.0,0.003168,20
2757,4,1.1614,1,0,0,3.0,0.001161,168
2758,3,7.31,2,1,0,3.0,0.00731,25
2759,3,2.3522,1,1,0,4.5,0.002352,34
2760,3,0.8049,1,1,0,4.5,0.000805,23
2761,3,1.5416,1,1,0,4.5,0.001542,92
2762,4,0.8514,1,0,0,3.0,0.000851,25
2763,1,2.8649,1,0,1,1.5,0.002865,51
2764,2,0.5,1,1,0,5.25,0.0005,35
2765,1,0.5323,1,0,1,1.5,0.000532,36
2766,4,1.9133,1,0,0,3.0,0.001913,20
2767,2,4.1326,2,1,0,3.5,0.004133,20
2768,3,0.5,1,1,0,4.5,0.0005,41
2769,3,4.7952,2,1,0,3.0,0.004795,30
2770,4,1.0544,1,0,0,3.0,0.001054,61
2771,2,0.5,1,1,0,5.25,0.0005,37
2772,3,0.5,1,1,0,4.5,0.0005,27
2773,4,0.5,1,0,0,3.0,0.0005,20
2774,1,1.1894,1,0,1,1.5,0.001189,47
2775,3,1.1357,1,1,0,4.5,0.001136,75
2776,2,2.285,1,1,0,5.25,0.002285,42
2777,3,0.7002,1,1,0,4.5,0.0007,37
2778,3,0.5,1,1,0,4.5,0.0005,27
2779,2,0.8026,1,1,0,5.25,0.000803,201
2780,1,1.2545,1,0,1,1.5,0.001255,26
2781,1,1.5279,1,0,1,1.5,0.001528,29
2782,1,0.551,1,0,1,1.5,0.000551,20
2783,3,2.988,1,1,0,4.5,0.002988,26
2784,2,0.6516,1,1,0,5.25,0.000652,21
2785,2,0.5084,1,1,0,5.25,0.000508,29
2786,3,0.7052,1,1,0,4.5,0.000705,25
2787,3,3.5537,2,1,0,3.0,0.003554,61
2788,3,1.0622,1,1,0,4.5,0.001062,20
2789,4,0.6057,1,0,0,3.0,0.000606,67
2790,2,3.0626,2,1,0,3.5,0.003063,38
2791,3,10.3387,2,1,0,3.0,0.010339,31
2792,1,1.4961,1,0,1,1.5,0.001496,20
2793,3,4.1661,2,1,0,3.0,0.004166,22
2794,4,3.4186,2,0,0,2.0,0.003419,20
2795,3,0.662,1,1,0,4.5,0.000662,707
2796,3,1.2458,1,1,0,4.5,0.001246,28
2797,3,0.5,1,1,0,4.5,0.0005,22
2798,2,0.9883,1,1,0,5.25,0.000988,28
2799,3,0.6485,1,1,0,4.5,0.000649,105
2800,3,0.8108,1,1,0,4.5,0.000811,20
2801,4,0.5731,1,0,0,3.0,0.000573,67
2802,3,0.9103,1,1,0,4.5,0.00091,23
2803,1,2.0655,1,0,1,1.5,0.002066,21
2804,3,1.0764,1,1,0,4.5,0.001076,23
2805,1,0.5,1,0,1,1.5,0.0005,30
2806,2,0.5752,1,1,0,5.25,0.000575,33
2807,2,0.5,1,1,0,5.25,0.0005,62
2808,3,1.5484,1,1,0,4.5,0.001548,26
2809,2,2.0066,1,1,0,5.25,0.002007,22
2810,2,1.5678,1,1,0,5.25,0.001568,20
2811,1,0.552,1,0,1,1.5,0.000552,28
2812,4,1.5527,1,0,0,3.0,0.001553,20
2813,3,0.7581,1,1,0,4.5,0.000758,77
2814,1,0.5,1,0,1,1.5,0.0005,35
2815,1,2.5474,1,0,1,1.5,0.002547,20
2816,3,2.7488,1,1,0,4.5,0.002749,20
2817,2,3.1332,2,1,0,3.5,0.003133,22
2818,3,0.6602,1,1,0,4.5,0.00066,334
2819,2,3.9452,2,1,0,3.5,0.003945,56
2820,4,0.7405,1,0,0,3.0,0.00074,46
2821,2,2.3318,1,1,0,5.25,0.002332,80
2822,3,0.7278,1,1,0,4.5,0.000728,20
2823,1,0.9696,1,0,1,1.5,0.00097,25
2824,4,0.5,1,0,0,3.0,0.0005,20
2825,4,0.8969,1,0,0,3.0,0.000897,20
2826,3,1.3287,1,1,0,4.5,0.001329,20
2827,3,0.805,1,1,0,4.5,0.000805,20
2828,2,7.024,2,1,0,3.5,0.007024,20
2829,3,0.5,1,1,0,4.5,0.0005,32
2830,3,0.6904,1,1,0,4.5,0.00069,22
2831,2,0.5,1,1,0,5.25,0.0005,50
2832,3,0.6903,1,1,0,4.5,0.00069,24
2833,3,3.4027,2,1,0,3.0,0.003403,87
2834,3,5.3184,2,1,0,3.0,0.005318,79
2835,3,0.6019,1,1,0,4.5,0.000602,20
2836,3,0.5887,1,1,0,4.5,0.000589,409
2837,3,0.5,1,1,0,4.5,0.0005,28
2838,2,4.4791,2,1,0,3.5,0.004479,21
2839,2,3.7216,2,1,0,3.5,0.003722,69
2840,1,1.0911,1,0,1,1.5,0.001091,68
2841,3,0.5,1,1,0,4.5,0.0005,162
2842,2,0.5,1,1,0,5.25,0.0005,247
2843,2,1.4388,1,1,0,5.25,0.001439,51
2844,2,2.1012,1,1,0,5.25,0.002101,20
2845,2,0.5,1,1,0,5.25,0.0005,30
2846,3,0.8797,1,1,0,4.5,0.00088,38
2847,2,6.1193,2,1,0,3.5,0.006119,32
2848,1,0.9759,1,0,1,1.5,0.000976,38
2849,3,5.3805,2,1,0,3.0,0.005381,40
2850,2,2.3215,1,1,0,5.25,0.002321,53
2851,2,0.5,1,1,0,5.25,0.0005,24
2852,2,0.9053,1,1,0,5.25,0.000905,73
2853,3,1.0666,1,1,0,4.5,0.001067,236
2854,2,0.5,1,1,0,5.25,0.0005,46
2855,3,0.5,1,1,0,4.5,0.0005,40
2856,4,5.4735,2,0,0,2.0,0.005473,20
2857,3,0.5,1,1,0,4.5,0.0005,142
2858,2,3.5665,2,1,0,3.5,0.003566,37
2859,3,0.784,1,1,0,4.5,0.000784,22
2860,3,1.1824,1,1,0,4.5,0.001182,268
2861,2,2.1276,1,1,0,5.25,0.002128,22
2862,3,0.6667,1,1,0,4.5,0.000667,24
2863,2,2.1405,1,1,0,5.25,0.002141,105
2864,1,0.5,1,0,1,1.5,0.0005,21
2865,2,1.883,1,1,0,5.25,0.001883,25
2866,1,0.5,1,0,1,1.5,0.0005,38
2867,2,0.9669,1,1,0,5.25,0.000967,27
2868,3,2.8502,1,1,0,4.5,0.00285,20
2869,4,2.2602,1,0,0,3.0,0.00226,43
2870,1,0.5,1,0,1,1.5,0.0005,34
2871,3,0.5,1,1,0,4.5,0.0005,23
2872,3,0.6093,1,1,0,4.5,0.000609,57
2873,1,1.4614,1,0,1,1.5,0.001461,28
2874,2,0.5,1,1,0,5.25,0.0005,28
2875,1,1.1971,1,0,1,1.5,0.001197,25
2876,2,1.6563,1,1,0,5.25,0.001656,218
2877,2,0.914,1,1,0,5.25,0.000914,26
2878,2,2.0513,1,1,0,5.25,0.002051,22
2879,3,1.5172,1,1,0,4.5,0.001517,23
2880,1,0.7057,1,0,1,1.5,0.000706,27
2881,2,0.5,1,1,0,5.25,0.0005,37
2882,1,1.3862,1,0,1,1.5,0.001386,148
2883,3,0.5,1,1,0,4.5,0.0005,20
2884,2,0.6803,1,1,0,5.25,0.00068,20
2885,3,1.9587,1,1,0,4.5,0.001959,116
2886,2,5.0052,2,1,0,3.5,0.005005,38
2887,1,1.1678,1,0,1,1.5,0.001168,43
2888,4,2.1111,1,0,0,3.0,0.002111,22
2889,1,0.5,1,0,1,1.5,0.0005,24
2890,1,1.5506,1,0,1,1.5,0.001551,39
2891,1,1.1425,1,0,1,1.5,0.001143,40
2892,4,4.147,2,0,0,2.0,0.004147,43
2893,3,0.7066,1,1,0,4.5,0.000707,39
2894,3,0.9527,1,1,0,4.5,0.000953,20
2895,4,3.4972,2,0,0,2.0,0.003497,26
2896,1,1.1064,1,0,1,1.5,0.001106,44
2897,4,0.5,1,0,0,3.0,0.0005,57
2898,2,15.5612,3,1,0,2.8,0.015561,29
2899,3,0.5,1,1,0,4.5,0.0005,43
2900,2,1.1371,1,1,0,5.25,0.001137,90
2901,2,1.7157,1,1,0,5.25,0.001716,32
2902,4,1.5853,1,0,0,3.0,0.001585,90
2903,1,1.0034,1,0,1,1.5,0.001003,22
2904,4,1.0084,1,0,0,3.0,0.001008,70
2905,2,0.9591,1,1,0,5.25,0.000959,573
2906,3,0.5,1,1,0,4.5,0.0005,21
2907,4,10.4162,2,0,0,2.0,0.010416,55
2908,1,0.9735,1,0,1,1.5,0.000974,45
2909,4,2.2036,1,0,0,3.0,0.002204,169
2910,3,0.8681,1,1,0,4.5,0.000868,32
2911,3,0.8508,1,1,0,4.5,0.000851,24
2912,1,0.7693,1,0,1,1.5,0.000769,24
2913,3,0.5,1,1,0,4.5,0.0005,20
2914,3,1.0331,1,1,0,4.5,0.001033,28
2915,3,0.8075,1,1,0,4.5,0.000807,20
2916,2,3.9144,2,1,0,3.5,0.003914,77
2917,2,0.5,1,1,0,5.25,0.0005,20
2918,4,0.6811,1,0,0,3.0,0.000681,24
2919,1,0.5,1,0,1,1.5,0.0005,25
2920,3,5.1329,2,1,0,3.0,0.005133,54
2921,4,0.5085,1,0,0,3.0,0.000509,64
2922,1,2.1286,1,0,1,1.5,0.002129,20
2923,2,3.2005,2,1,0,3.5,0.003201,86
2924,3,1.0481,1,1,0,4.5,0.001048,20
2925,1,0.5,1,0,1,1.5,0.0005,825
2926,3,0.5,1,1,0,4.5,0.0005,37
2927,3,2.866,1,1,0,4.5,0.002866,54
2928,3,0.5,1,1,0,4.5,0.0005,59
2929,2,1.7953,1,1,0,5.25,0.001795,25
2930,3,1.36,1,1,0,4.5,0.00136,44
2931,3,1.7688,1,1,0,4.5,0.001769,21
2932,2,1.944,1,1,0,5.25,0.001944,47
2933,3,0.5,1,1,0,4.5,0.0005,38
2934,4,0.5,1,0,0,3.0,0.0005,21
2935,3,2.4795,1,1,0,4.5,0.00248,46
2936,3,0.6465,1,1,0,4.5,0.000646,20
2937,2,0.5,1,1,0,5.25,0.0005,20
2938,1,2.3208,1,0,1,1.5,0.002321,41
2939,2,0.5,1,1,0,5.25,0.0005,20
2940,1,1.9353,1,0,1,1.5,0.001935,41
2941,4,4.884,2,0,0,2.0,0.004884,46
2942,2,1.2336,1,1,0,5.25,0.001234,48
2943,3,3.2835,2,1,0,3.0,0.003284,20
2944,2,1.4147,1,1,0,5.25,0.001415,20
2945,2,5.9333,2,1,0,3.5,0.005933,20
2946,2,0.5,1,1,0,5.25,0.0005,23
2947,2,1.2031,1,1,0,5.25,0.001203,47
2948,3,2.3781,1,1,0,4.5,0.002378,35
2949,4,1.0027,1,0,0,3.0,0.001003,27
2950,4,3.8396,2,0,0,2.0,0.00384,71
2951,2,0.7875,1,1,0,5.25,0.000787,86
2952,3,9.6073,2,1,0,3.0,0.009607,52
2953,1,10.1284,2,0,1,1.0,0.010128,20
2954,4,1.6084,1,0,0,3.0,0.001608,439
2955,3,2.108,1,1,0,4.5,0.002108,22
2956,2,3.9941,2,1,0,3.5,0.003994,20
2957,2,0.5,1,1,0,5.25,0.0005,23
2958,1,0.5,1,0,1,1.5,0.0005,172
2959,2,4.2613,2,1,0,3.5,0.004261,87
2960,4,1.5954,1,0,0,3.0,0.001595,33
2961,3,0.9672,1,1,0,4.5,0.000967,162
2962,4,1.2266,1,0,0,3.0,0.001227,20
2963,1,0.5,1,0,1,1.5,0.0005,61
2964,3,1.0026,1,1,0,4.5,0.001003,28
2965,2,0.5713,1,1,0,5.25,0.000571,32
2966,3,3.0381,2,1,0,3.0,0.003038,40
2967,2,3.2811,2,1,0,3.5,0.003281,20
2968,2,2.1594,1,1,0,5.25,0.002159,62
2969,3,1.8015,1,1,0,4.5,0.001801,25
2970,2,0.5,1,1,0,5.25,0.0005,20
2971,3,2.1898,1,1,0,4.5,0.00219,37
2972,3,2.2763,1,1,0,4.5,0.002276,35
2973,1,4.2137,2,0,1,1.0,0.004214,26
2974,4,10.0881,2,0,0,2.0,0.010088,155
2975,3,0.5,1,1,0,4.5,0.0005,20
2976,3,0.8226,1,1,0,4.5,0.000823,32
2977,3,0.5775,1,1,0,4.5,0.000577,20
2978,3,1.4415,1,1,0,4.5,0.001441,24
2979,3,1.2294,1,1,0,4.5,0.001229,54
2980,4,0.9599,1,0,0,3.0,0.00096,47
2981,3,3.3897,2,1,0,3.0,0.00339,31
2982,2,0.5,1,1,0,5.25,0.0005,25
2983,1,0.5,1,0,1,1.5,0.0005,20
2984,3,0.5,1,1,0,4.5,0.0005,27
2985,1,0.846,1,0,1,1.5,0.000846,21
2986,2,0.5,1,1,0,5.25,0.0005,38
2987,1,1.1555,1,0,1,1.5,0.001156,20
2988,3,1.028,1,1,0,4.5,0.001028,95
2989,2,0.5525,1,1,0,5.25,0.000552,26
2990,3,2.9064,1,1,0,4.5,0.002906,27
2991,3,1.143,1,1,0,4.5,0.001143,20
2992,3,3.5106,2,1,0,3.0,0.003511,36
2993,2,0.9981,1,1,0,5.25,0.000998,163
2994,3,1.1841,1,1,0,4.5,0.001184,30
2995,3,0.691,1,1,0,4.5,0.000691,20
2996,3,1.2045,1,1,0,4.5,0.001205,22
2997,3,2.4729,1,1,0,4.5,0.002473,25
2998,2,0.804,1,1,0,5.25,0.000804,20
2999,4,2.0372,1,0,0,3.0,0.002037,23
3000,1,0.5382,1,0,1,1.5,0.000538,25
3001,3,2.5914,1,1,0,4.5,0.002591,24
3002,3,0.6793,1,1,0,4.5,0.000679,20
3003,2,2.8429,1,1,0,5.25,0.002843,48
3004,3,1.2893,1,1,0,4.5,0.001289,39
3005,1,5.5517,2,0,1,1.0,0.005552,35
3006,3,0.5,1,1,0,4.5,0.0005,20
3007,3,0.5,1,1,0,4.5,0.0005,159
3008,1,0.655,1,0,1,1.5,0.000655,21
3009,1,0.5,1,0,1,1.5,0.0005,21
3010,3,0.5,1,1,0,4.5,0.0005,23
3011,2,2.2585,1,1,0,5.25,0.002258,20
3012,4,1.208,1,0,0,3.0,0.001208,32
3013,3,0.7509,1,1,0,4.5,0.000751,154
3014,3,0.8238,1,1,0,4.5,0.000824,46
3015,2,0.6676,1,1,0,5.25,0.000668,28
3016,3,6.3187,2,1,0,3.0,0.006319,25
3017,4,0.5814,1,0,0,3.0,0.000581,53
3018,1,0.5,1,0,1,1.5,0.0005,34
3019,2,2.6891,1,1,0,5.25,0.002689,20
3020,2,0.9776,1,1,0,5.25,0.000978,20
3021,2,9.3177,2,1,0,3.5,0.009318,24
3022,3,0.7167,1,1,0,4.5,0.000717,385
3023,3,2.8268,1,1,0,4.5,0.002827,28
3024,3,3.5799,2,1,0,3.0,0.00358,31
3025,2,0.7202,1,1,0,5.25,0.00072,50
3026,1,0.5771,1,0,1,1.5,0.000577,29
3027,2,2.546,1,1,0,5.25,0.002546,277
3028,4,2.1555,1,0,0,3.0,0.002156,31
3029,3,0.5,1,1,0,4.5,0.0005,20
3030,2,0.5,1,1,0,5.25,0.0005,20
3031,3,0.5,1,1,0,4.5,0.0005,20
3032,1,2.2002,1,0,1,1.5,0.0022,252
3033,2,0.9336,1,1,0,5.25,0.000934,76
3034,2,1.0315,1,1,0,5.25,0.001031,39
3035,4,0.5,1,0,0,3.0,0.0005,52
3036,3,0.5,1,1,0,4.5,0.0005,22
3037,3,0.7522,1,1,0,4.5,0.000752,23
3038,1,0.6193,1,0,1,1.5,0.000619,42
3039,2,1.3648,1,1,0,5.25,0.001365,20
3040,3,2.1741,1,1,0,4.5,0.002174,88
3041,2,11.7372,2,1,0,3.5,0.011737,20
3042,4,1.189,1,0,0,3.0,0.001189,80
3043,3,3.7008,2,1,0,3.0,0.003701,30
3044,2,0.529,1,1,0,5.25,0.000529,32
3045,3,0.5,1,1,0,4.5,0.0005,37
3046,4,0.8529,1,0,0,3.0,0.000853,71
3047,3,0.5,1,1,0,4.5,0.0005,64
3048,3,1.231,1,1,0,4.5,0.001231,30
3049,4,0.5558,1,0,0,3.0,0.000556,20
3050,2,0.5,1,1,0,5.25,0.0005,31
3051,4,6.8838,2,0,0,2.0,0.006884,49
3052,1,0.7086,1,0,1,1.5,0.000709,28
3053,3,0.5,1,1,0,4.5,0.0005,26
3054,3,2.9782,1,1,0,4.5,0.002978,42
3055,3,0.5854,1,1,0,4.5,0.000585,53
3056,3,3.6086,2,1,0,3.0,0.003609,30
3057,3,0.5826,1,1,0,4.5,0.000583,32
3058,2,0.7063,1,1,0,5.25,0.000706,45
3059,2,1.7125,1,1,0,5.25,0.001713,130
3060,2,2.1954,1,1,0,5.25,0.002195,20
3061,3,2.616,1,1,0,4.5,0.002616,26
3062,2,1.1089,1,1,0,5.25,0.001109,71
3063,2,2.0581,1,1,0,5.25,0.002058,60
3064,4,2.5568,1,0,0,3.0,0.002557,35
3065,2,1.4825,1,1,0,5.25,0.001482,26
3066,2,1.0518,1,1,0,5.25,0.001052,31
3067,2,0.5,1,1,0,5.25,0.0005,114
3068,2,2.2085,1,1,0,5.25,0.002209,33
3069,3,1.2653,1,1,0,4.5,0.001265,20
3070,2,0.8021,1,1,0,5.25,0.000802,23
3071,1,4.3532,2,0,1,1.0,0.004353,26
3072,4,0.5,1,0,0,3.0,0.0005,41
3073,3,6.2788,2,1,0,3.0,0.006279,33
3074,3,1.1863,1,1,0,4.5,0.001186,22
3075,4,1.6664,1,0,0,3.0,0.001666,26
3076,4,0.8172,1,0,0,3.0,0.000817,65
3077,2,0.5,1,1,0,5.25,0.0005,20
3078,3,1.055,1,1,0,4.5,0.001055,29
3079,3,1.6954,1,1,0,4.5,0.001695,25
3080,2,2.3854,1,1,0,5.25,0.002385,25
3081,2,0.9951,1,1,0,5.25,0.000995,94
3082,1,0.5,1,0,1,1.5,0.0005,21
3083,3,0.5,1,1,0,4.5,0.0005,22
3084,3,9.442,2,1,0,3.0,0.009442,21
3085,3,0.5,1,1,0,4.5,0.0005,20
3086,2,5.0541,2,1,0,3.5,0.005054,32
3087,2,0.5,1,1,0,5.25,0.0005,73
3088,3,1.0107,1,1,0,4.5,0.001011,43
3089,3,2.2668,1,1,0,4.5,0.002267,37
3090,4,0.5342,1,0,0,3.0,0.000534,63
3091,4,5.9617,2,0,0,2.0,0.005962,23
3092,4,1.3085,1,0,0,3.0,0.001308,398
3093,4,1.9232,1,0,0,3.0,0.001923,39
3094,4,0.9282,1,0,0,3.0,0.000928,39
3095,3,2.344,1,1,0,4.5,0.002344,80
3096,1,5.8823,2,0,1,1.0,0.005882,25
3097,1,1.0638,1,0,1,1.5,0.001064,41
3098,2,6.8405,2,1,0,3.5,0.00684,20
3099,2,0.6581,1,1,0,5.25,0.000658,34
3100,2,2.6045,1,1,0,5.25,0.002605,20
3101,4,1.9783,1,0,0,3.0,0.001978,87
3102,2,0.5,1,1,0,5.25,0.0005,74
3103,4,1.5022,1,0,0,3.0,0.001502,20
3104,3,1.222,1,1,0,4.5,0.001222,62
3105,3,0.5168,1,1,0,4.5,0.000517,24
3106,3,1.7352,1,1,0,4.5,0.001735,31
3107,2,1.4042,1,1,0,5.25,0.001404,38
3108,3,1.1281,1,1,0,4.5,0.001128,28
3109,2,1.1327,1,1,0,5.25,0.001133,61
3110,4,1.1086,1,0,0,3.0,0.001109,78
3111,2,0.8398,1,1,0,5.25,0.00084,41
3112,2,1.3951,1,1,0,5.25,0.001395,31
3113,3,0.6371,1,1,0,4.5,0.000637,21
3114,3,17.287,3,1,0,2.4,0.017287,20
3115,3,0.5,1,1,0,4.5,0.0005,20
3116,3,0.676,1,1,0,4.5,0.000676,20
3117,2,0.7315,1,1,0,5.25,0.000732,34
3118,3,9.3338,2,1,0,3.0,0.009334,32
3119,2,0.5,1,1,0,5.25,0.0005,46
3120,2,1.8572,1,1,0,5.25,0.001857,29
3121,2,1.5551,1,1,0,5.25,0.001555,97
3122,2,1.6934,1,1,0,5.25,0.001693,25
3123,2,4.1766,2,1,0,3.5,0.004177,21
3124,3,4.0918,2,1,0,3.0,0.004092,115
3125,2,0.7727,1,1,0,5.25,0.000773,121
3126,2,1.4728,1,1,0,5.25,0.001473,31
3127,3,0.5,1,1,0,4.5,0.0005,32
3128,1,1.3394,1,0,1,1.5,0.001339,22
3129,3,0.5483,1,1,0,4.5,0.000548,23
3130,4,1.0068,1,0,0,3.0,0.001007,56
3131,2,0.5,1,1,0,5.25,0.0005,23
3132,4,1.8185,1,0,0,3.0,0.001819,23
3133,1,0.5,1,0,1,1.5,0.0005,63
3134,1,1.407,1,0,1,1.5,0.001407,22
3135,3,0.5,1,1,0,4.5,0.0005,117
3136,3,0.5187,1,1,0,4.5,0.000519,29
3137,3,3.8493,2,1,0,3.0,0.003849,20
3138,1,2.1838,1,0,1,1.5,0.002184,39
3139,3,3.828,2,1,0,3.0,0.003828,157
3140,2,5.7712,2,1,0,3.5,0.005771,36
3141,2,0.5601,1,1,0,5.25,0.00056,39
3142,2,5.431,2,1,0,3.5,0.005431,36
3143,4,0.5,1,0,0,3.0,0.0005,20
3144,1,2.5581,1,0,1,1.5,0.002558,370
3145,3,0.7407,1,1,0,4.5,0.000741,119
3146,3,0.5,1,1,0,4.5,0.0005,21
3147,3,2.2426,1,1,0,4.5,0.002243,20
3148,3,3.1208,2,1,0,3.0,0.003121,24
3149,4,3.0296,2,0,0,2.0,0.00303,23
3150,2,1.5038,1,1,0,5.25,0.001504,32
3151,1,1.3842,1,0,1,1.5,0.001384,22
3152,3,2.0545,1,1,0,4.5,0.002054,71
3153,2,1.6436,1,1,0,5.25,0.001644,23
3154,1,2.0844,1,0,1,1.5,0.002084,29
3155,2,1.4876,1,1,0,5.25,0.001488,114
3156,2,2.8177,1,1,0,5.25,0.002818,37
3157,1,0.5,1,0,1,1.5,0.0005,69
3158,1,1.0638,1,0,1,1.5,0.001064,97
3159,4,0.5,1,0,0,3.0,0.0005,24
3160,2,1.5998,1,1,0,5.25,0.0016,23
3161,4,6.2656,2,0,0,2.0,0.006266,62
3162,4,0.7551,1,0,0,3.0,0.000755,24
3163,1,1.3777,1,0,1,1.5,0.001378,209
3164,3,2.5848,1,1,0,4.5,0.002585,20
3165,3,0.5,1,1,0,4.5,0.0005,48
3166,3,0.7197,1,1,0,4.5,0.00072,137
3167,1,1.7466,1,0,1,1.5,0.001747,91
3168,2,0.5,1,1,0,5.25,0.0005,41
3169,1,0.5,1,0,1,1.5,0.0005,35
3170,3,3.6474,2,1,0,3.0,0.003647,127
3171,4,3.3073,2,0,0,2.0,0.003307,125
3172,3,1.7638,1,1,0,4.5,0.001764,28
3173,3,2.931,1,1,0,4.5,0.002931,23
3174,4,1.5042,1,0,0,3.0,0.001504,20
3175,3,2.1139,1,1,0,4.5,0.002114,24
3176,1,0.8847,1,0,1,1.5,0.000885,53
3177,4,1.362,1,0,0,3.0,0.001362,208
3178,2,0.6445,1,1,0,5.25,0.000645,44
3179,1,4.2915,2,0,1,1.0,0.004291,32
3180,3,5.555,2,1,0,3.0,0.005555,276
3181,4,4.8214,2,0,0,2.0,0.004821,30
3182,2,0.8066,1,1,0,5.25,0.000807,45
3183,3,0.5,1,1,0,4.5,0.0005,67
3184,2,4.3498,2,1,0,3.5,0.00435,20
3185,1,2.0898,1,0,1,1.5,0.00209,26
3186,1,1.6849,1,0,1,1.5,0.001685,29
3187,3,0.6437,1,1,0,4.5,0.000644,22
3188,4,1.8567,1,0,0,3.0,0.001857,46
3189,1,0.5,1,0,1,1.5,0.0005,20
3190,2,2.2869,1,1,0,5.25,0.002287,27
3191,2,4.8164,2,1,0,3.5,0.004816,31
3192,1,6.1978,2,0,1,1.0,0.006198,219
3193,3,2.4637,1,1,0,4.5,0.002464,27
3194,3,0.5,1,1,0,4.5,0.0005,21
3195,3,1.4777,1,1,0,4.5,0.001478,31
3196,2,10.3071,2,1,0,3.5,0.010307,26
3197,3,0.5089,1,1,0,4.5,0.000509,24
3198,1,1.1434,1,0,1,1.5,0.001143,44
3199,2,4.9862,2,1,0,3.5,0.004986,53
3200,4,2.2485,1,0,0,3.0,0.002249,20
3201,3,14.4878,2,1,0,3.0,0.014488,22
3202,4,0.5829,1,0,0,3.0,0.000583,32
3203,4,0.5,1,0,0,3.0,0.0005,52
3204,3,4.1259,2,1,0,3.0,0.004126,25
3205,4,0.5,1,0,0,3.0,0.0005,288
3206,2,0.9964,1,1,0,5.25,0.000996,51
3207,1,1.136,1,0,1,1.5,0.001136,20
3208,1,3.4183,2,0,1,1.0,0.003418,74
3209,1,2.2421,1,0,1,1.5,0.002242,71
3210,1,1.9159,1,0,1,1.5,0.001916,96
3211,2,0.8112,1,1,0,5.25,0.000811,28
3212,3,4.0884,2,1,0,3.0,0.004088,26
3213,3,60.0,3,1,0,2.4,0.06,20
3214,3,2.4216,1,1,0,4.5,0.002422,20
3215,1,1.3402,1,0,1,1.5,0.00134,20
3216,3,0.5,1,1,0,4.5,0.0005,61
3217,2,0.6413,1,1,0,5.25,0.000641,33
3218,1,0.9796,1,0,1,1.5,0.00098,32
3219,2,0.7107,1,1,0,5.25,0.000711,159
3220,2,1.1937,1,1,0,5.25,0.001194,252
3221,2,7.179,2,1,0,3.5,0.007179,34
3222,3,4.222,2,1,0,3.0,0.004222,22
3223,3,1.0349,1,1,0,4.5,0.001035,81
3224,3,0.5,1,1,0,4.5,0.0005,29
3225,1,4.6206,2,0,1,1.0,0.004621,47
3226,3,1.155,1,1,0,4.5,0.001155,57
3227,3,0.5,1,1,0,4.5,0.0005,20
3228,2,2.4734,1,1,0,5.25,0.002473,20
3229,3,3.3832,2,1,0,3.0,0.003383,22
3230,3,0.5,1,1,0,4.5,0.0005,39
3231,2,0.5318,1,1,0,5.25,0.000532,20
3232,1,1.0862,1,0,1,1.5,0.001086,22
3233,3,2.5286,1,1,0,4.5,0.002529,23
3234,1,0.7243,1,0,1,1.5,0.000724,35
3235,2,0.5278,1,1,0,5.25,0.000528,20
3236,1,2.5101,1,0,1,1.5,0.00251,30
3237,4,0.7594,1,0,0,3.0,0.000759,20
3238,2,2.0859,1,1,0,5.25,0.002086,215
3239,2,0.5,1,1,0,5.25,0.0005,93
3240,2,0.5,1,1,0,5.25,0.0005,25
3241,4,2.5816,1,0,0,3.0,0.002582,27
3242,3,1.5615,1,1,0,4.5,0.001562,50
3243,4,3.0514,2,0,0,2.0,0.003051,30
3244,2,0.7122,1,1,0,5.25,0.000712,58
3245,1,0.5477,1,0,1,1.5,0.000548,20
3246,3,4.7297,2,1,0,3.0,0.00473,32
3247,2,0.5,1,1,0,5.25,0.0005,27
3248,3,4.2402,2,1,0,3.0,0.00424,33
3249,4,4.5433,2,0,0,2.0,0.004543,36
3250,3,2.8669,1,1,0,4.5,0.002867,38
3251,4,0.6098,1,0,0,3.0,0.00061,28
3252,3,0.5361,1,1,0,4.5,0.000536,24
3253,2,0.9832,1,1,0,5.25,0.000983,21
3254,3,0.5,1,1,0,4.5,0.0005,20
3255,1,0.5,1,0,1,1.5,0.0005,21
3256,3,2.3115,1,1,0,4.5,0.002311,29
3257,1,2.3222,1,0,1,1.5,0.002322,34
3258,2,0.5,1,1,0,5.25,0.0005,20
3259,3,2.3852,1,1,0,4.5,0.002385,52
3260,1,1.9107,1,0,1,1.5,0.001911,21
3261,1,5.4906,2,0,1,1.0,0.005491,38
3262,3,2.1432,1,1,0,4.5,0.002143,59
3263,1,3.4964,2,0,1,1.0,0.003496,20
3264,3,1.9547,1,1,0,4.5,0.001955,30
3265,2,3.2319,2,1,0,3.5,0.003232,240
3266,2,0.5,1,1,0,5.25,0.0005,91
3267,2,1.074,1,1,0,5.25,0.001074,53
3268,3,1.1667,1,1,0,4.5,0.001167,776
3269,4,0.9507,1,0,0,3.0,0.000951,101
3270,1,1.8909,1,0,1,1.5,0.001891,48
3271,4,2.2877,1,0,0,3.0,0.002288,32
3272,3,1.7957,1,1,0,4.5,0.001796,65
3273,3,1.0163,1,1,0,4.5,0.001016,21
3274,3,0.5812,1,1,0,4.5,0.000581,47
3275,3,3.634,2,1,0,3.0,0.003634,20
3276,3,1.721,1,1,0,4.5,0.001721,20
3277,3,0.5,1,1,0,4.5,0.0005,34
3278,3,0.9995,1,1,0,4.5,0.000999,22
3279,2,0.5,1,1,0,5.25,0.0005,24
3280,1,1.2567,1,0,1,1.5,0.001257,32
3281,3,0.9948,1,1,0,4.5,0.000995,38
3282,1,0.683,1,0,1,1.5,0.000683,25
3283,2,5.9165,2,1,0,3.5,0.005917,27
3284,1,0.5,1,0,1,1.5,0.0005,22
3285,2,2.4585,1,1,0,5.25,0.002458,20
3286,3,10.8033,2,1,0,3.0,0.010803,23
3287,3,3.5623,2,1,0,3.0,0.003562,20
3288,2,1.1754,1,1,0,5.25,0.001175,31
3289,1,0.5,1,0,1,1.5,0.0005,38
3290,2,0.5,1,1,0,5.25,0.0005,20
3291,2,0.8038,1,1,0,5.25,0.000804,25
3292,3,0.6103,1,1,0,4.5,0.00061,33
3293,3,0.5907,1,1,0,4.5,0.000591,20
3294,3,0.8753,1,1,0,4.5,0.000875,20
3295,3,1.0952,1,1,0,4.5,0.001095,46
3296,4,1.9706,1,0,0,3.0,0.001971,26
3297,3,0.5,1,1,0,4.5,0.0005,25
3298,3,0.6132,1,1,0,4.5,0.000613,61
3299,3,1.034,1,1,0,4.5,0.001034,69
3300,1,0.9977,1,0,1,1.5,0.000998,45
3301,4,7.6108,2,0,0,2.0,0.007611,191
3302,2,1.5302,1,1,0,5.25,0.00153,23
3303,2,0.5,1,1,0,5.25,0.0005,120
3304,4,1.8429,1,0,0,3.0,0.001843,59
3305,3,2.0934,1,1,0,4.5,0.002093,29
3306,1,1.0704,1,0,1,1.5,0.00107,20
3307,1,0.5,1,0,1,1.5,0.0005,37
3308,1,7.0371,2,0,1,1.0,0.007037,58
3309,3,0.5,1,1,0,4.5,0.0005,142
3310,1,2.3488,1,0,1,1.5,0.002349,66
3311,4,1.4817,1,0,0,3.0,0.001482,22
3312,4,2.2121,1,0,0,3.0,0.002212,20
3313,3,6.6859,2,1,0,3.0,0.006686,157
3314,3,2.1272,1,1,0,4.5,0.002127,26
3315,2,0.6938,1,1,0,5.25,0.000694,430
3316,1,3.6661,2,0,1,1.0,0.003666,20
3317,3,0.6454,1,1,0,4.5,0.000645,249
3318,1,1.4286,1,0,1,1.5,0.001429,22
3319,1,0.5,1,0,1,1.5,0.0005,68
3320,2,0.5,1,1,0,5.25,0.0005,80
3321,1,1.277,1,0,1,1.5,0.001277,47
3322,2,1.7528,1,1,0,5.25,0.001753,29
3323,3,0.5,1,1,0,4.5,0.0005,21
3324,3,1.9946,1,1,0,4.5,0.001995,56
3325,3,0.5346,1,1,0,4.5,0.000535,59
3326,3,4.3616,2,1,0,3.0,0.004362,36
3327,2,0.8532,1,1,0,5.25,0.000853,25
3328,3,0.5,1,1,0,4.5,0.0005,54
3329,3,1.3086,1,1,0,4.5,0.001309,20
3330,2,0.5,1,1,0,5.25,0.0005,20
3331,4,4.315,2,0,0,2.0,0.004315,41
3332,2,1.2137,1,1,0,5.25,0.001214,103
3333,1,1.0423,1,0,1,1.5,0.001042,23
3334,2,2.1923,1,1,0,5.25,0.002192,20
3335,2,0.5,1,1,0,5.25,0.0005,45
3336,2,0.5,1,1,0,5.25,0.0005,29
3337,3,1.8249,1,1,0,4.5,0.001825,22
3338,4,0.5,1,0,0,3.0,0.0005,25
3339,2,0.5,1,1,0,5.25,0.0005,20
3340,3,2.8008,1,1,0,4.5,0.002801,29
3341,2,2.0508,1,1,0,5.25,0.002051,21
3342,3,0.5,1,1,0,4.5,0.0005,24
3343,2,0.6531,1,1,0,5.25,0.000653,24
3344,1,0.5,1,0,1,1.5,0.0005,148
3345,3,7.1669,2,1,0,3.0,0.007167,75
3346,3,3.0016,2,1,0,3.0,0.003002,323
3347,3,0.7964,1,1,0,4.5,0.000796,31
3348,3,2.1583,1,1,0,4.5,0.002158,767
3349,3,0.5,1,1,0,4.5,0.0005,1000
3350,2,0.6191,1,1,0,5.25,0.000619,20
3351,1,1.3472,1,0,1,1.5,0.001347,100
3352,1,1.9067,1,0,1,1.5,0.001907,39
3353,1,1.1004,1,0,1,1.5,0.0011,81
3354,2,1.5545,1,1,0,5.25,0.001555,26
3355,3,1.3119,1,1,0,4.5,0.001312,20
3356,2,1.03,1,1,0,5.25,0.00103,23
3357,3,0.9021,1,1,0,4.5,0.000902,28
3358,3,0.7921,1,1,0,4.5,0.000792,21
3359,3,1.5297,1,1,0,4.5,0.00153,35
3360,3,1.8294,1,1,0,4.5,0.001829,128
3361,2,1.4792,1,1,0,5.25,0.001479,31
3362,2,0.5,1,1,0,5.25,0.0005,36
3363,3,0.5,1,1,0,4.5,0.0005,24
3364,3,1.8077,1,1,0,4.5,0.001808,54
3365,2,5.2847,2,1,0,3.5,0.005285,35
3366,2,1.4128,1,1,0,5.25,0.001413,23
3367,3,0.8037,1,1,0,4.5,0.000804,34
3368,3,1.5181,1,1,0,4.5,0.001518,77
3369,1,0.5,1,0,1,1.5,0.0005,67
3370,2,4.4911,2,1,0,3.5,0.004491,32
3371,4,1.4619,1,0,0,3.0,0.001462,21
3372,1,0.6211,1,0,1,1.5,0.000621,178
3373,4,1.0267,1,0,0,3.0,0.001027,20
3374,2,0.7161,1,1,0,5.25,0.000716,25
3375,3,4.5033,2,1,0,3.0,0.004503,56
3376,2,0.9909,1,1,0,5.25,0.000991,28
3377,1,1.417,1,0,1,1.5,0.001417,20
3378,4,2.153,1,0,0,3.0,0.002153,23
3379,3,0.5783,1,1,0,4.5,0.000578,20
3380,4,1.4723,1,0,0,3.0,0.001472,274
3381,2,1.5961,1,1,0,5.25,0.001596,21
3382,4,0.5,1,0,0,3.0,0.0005,20
3383,4,1.5618,1,0,0,3.0,0.001562,30
3384,3,1.1588,1,1,0,4.5,0.001159,22
3385,2,1.3814,1,1,0,5.25,0.001381,29
3386,3,1.2571,1,1,0,4.5,0.001257,23
3387,3,1.572,1,1,0,4.5,0.001572,21
3388,4,4.6204,2,0,0,2.0,0.00462,24
3389,2,0.5,1,1,0,5.25,0.0005,28
3390,2,0.8616,1,1,0,5.25,0.000862,26
3391,1,2.3626,1,0,1,1.5,0.002363,27
3392,3,1.9622,1,1,0,4.5,0.001962,20
3393,4,1.9204,1,0,0,3.0,0.00192,28
3394,1,19.0435,3,0,1,0.8,0.019043,33
3395,3,2.2418,1,1,0,4.5,0.002242,21
3396,4,3.7587,2,0,0,2.0,0.003759,32
3397,1,0.8923,1,0,1,1.5,0.000892,42
3398,1,0.5,1,0,1,1.5,0.0005,20
3399,3,0.8859,1,1,0,4.5,0.000886,115
3400,3,2.4722,1,1,0,4.5,0.002472,36
3401,1,1.8221,1,0,1,1.5,0.001822,60
3402,3,1.8156,1,1,0,4.5,0.001816,41
3403,3,0.979,1,1,0,4.5,0.000979,75
3404,4,0.8347,1,0,0,3.0,0.000835,28
3405,4,1.0134,1,0,0,3.0,0.001013,26
3406,3,2.5033,1,1,0,4.5,0.002503,42
3407,3,2.8119,1,1,0,4.5,0.002812,56
3408,2,0.5,1,1,0,5.25,0.0005,35
3409,3,2.5999,1,1,0,4.5,0.0026,34
3410,1,0.6328,1,0,1,1.5,0.000633,20
3411,3,1.9388,1,1,0,4.5,0.001939,22
3412,1,1.0012,1,0,1,1.5,0.001001,181
3413,3,5.8063,2,1,0,3.0,0.005806,20
3414,1,0.7986,1,0,1,1.5,0.000799,28
3415,2,1.4503,1,1,0,5.25,0.00145,20
3416,2,2.225,1,1,0,5.25,0.002225,37
3417,3,0.5062,1,1,0,4.5,0.000506,101
3418,3,1.1278,1,1,0,4.5,0.001128,182
3419,1,0.9292,1,0,1,1.5,0.000929,47
3420,4,0.7257,1,0,0,3.0,0.000726,22
3421,4,0.7815,1,0,0,3.0,0.000781,40
3422,2,3.6883,2,1,0,3.5,0.003688,22
3423,3,0.6667,1,1,0,4.5,0.000667,141
3424,2,2.1373,1,1,0,5.25,0.002137,294
3425,2,1.6615,1,1,0,5.25,0.001662,33
3426,3,0.5,1,1,0,4.5,0.0005,24
3427,1,2.0387,1,0,1,1.5,0.002039,36
3428,4,0.5,1,0,0,3.0,0.0005,20
3429,4,2.2733,1,0,0,3.0,0.002273,23
3430,3,0.7305,1,1,0,4.5,0.00073,33
3431,3,1.2233,1,1,0,4.5,0.001223,20
3432,3,0.5,1,1,0,4.5,0.0005,26
3433,4,1.371,1,0,0,3.0,0.001371,65
3434,2,3.0652,2,1,0,3.5,0.003065,22
3435,1,0.5413,1,0,1,1.5,0.000541,20
3436,3,0.661,1,1,0,4.5,0.000661,31
3437,2,1.9113,1,1,0,5.25,0.001911,58
3438,2,1.9596,1,1,0,5.25,0.00196,20
3439,1,0.5,1,0,1,1.5,0.0005,23
3440,3,9.1025,2,1,0,3.0,0.009103,24
3441,2,2.0579,1,1,0,5.25,0.002058,117
3442,2,2.4353,1,1,0,5.25,0.002435,20
3443,1,1.0509,1,0,1,1.5,0.001051,113
3444,2,0.5,1,1,0,5.25,0.0005,26
3445,4,2.3818,1,0,0,3.0,0.002382,1000
3446,2,0.6893,1,1,0,5.25,0.000689,22
3447,3,2.0898,1,1,0,4.5,0.00209,20
3448,3,0.9747,1,1,0,4.5,0.000975,31
3449,2,1.5391,1,1,0,5.25,0.001539,20
3450,3,0.5589,1,1,0,4.5,0.000559,25
3451,3,2.8793,1,1,0,4.5,0.002879,85
3452,3,0.5,1,1,0,4.5,0.0005,106
3453,1,11.4583,2,0,1,1.0,0.011458,39
3454,1,11.3713,2,0,1,1.0,0.011371,33
3455,4,6.208,2,0,0,2.0,0.006208,159
3456,3,4.3433,2,1,0,3.0,0.004343,20
3457,4,1.1147,1,0,0,3.0,0.001115,36
3458,4,3.895,2,0,0,2.0,0.003895,29
3459,1,1.1018,1,0,1,1.5,0.001102,46
3460,3,0.5,1,1,0,4.5,0.0005,39
3461,3,5.454,2,1,0,3.0,0.005454,43
3462,3,3.7508,2,1,0,3.0,0.003751,38
3463,1,1.1756,1,0,1,1.5,0.001176,22
3464,2,0.5,1,1,0,5.25,0.0005,39
3465,3,0.675,1,1,0,4.5,0.000675,21
3466,3,0.5,1,1,0,4.5,0.0005,25
3467,3,3.1212,2,1,0,3.0,0.003121,20
3468,2,0.5,1,1,0,5.25,0.0005,37
3469,2,1.616,1,1,0,5.25,0.001616,267
3470,4,0.5218,1,0,0,3.0,0.000522,279
3471,2,0.5,1,1,0,5.25,0.0005,20
3472,2,1.5396,1,1,0,5.25,0.00154,44
3473,3,0.8688,1,1,0,4.5,0.000869,28
3474,2,2.8048,1,1,0,5.25,0.002805,22
3475,3,0.5,1,1,0,4.5,0.0005,40
3476,2,0.5688,1,1,0,5.25,0.000569,154
3477,3,0.5,1,1,0,4.5,0.0005,20
3478,4,0.5,1,0,0,3.0,0.0005,116
3479,4,7.3253,2,0,0,2.0,0.007325,21
3480,3,9.7449,2,1,0,3.0,0.009745,20
3481,2,1.3309,1,1,0,5.25,0.001331,228
3482,3,0.5322,1,1,0,4.5,0.000532,148
3483,3,0.9001,1,1,0,4.5,0.0009,34
3484,3,2.9058,1,1,0,4.5,0.002906,20
3485,3,0.7252,1,1,0,4.5,0.000725,23
3486,3,1.5385,1,1,0,4.5,0.001538,25
3487,3,1.1977,1,1,0,4.5,0.001198,21
3488,3,0.6868,1,1,0,4.5,0.000687,20
3489,2,0.7167,1,1,0,5.25,0.000717,21
3490,3,1.6266,1,1,0,4.5,0.001627,83
3491,3,0.5,1,1,0,4.5,0.0005,57
3492,1,1.9058,1,0,1,1.5,0.001906,20
3493,4,0.757,1,0,0,3.0,0.000757,23
3494,3,1.3778,1,1,0,4.5,0.001378,25
3495,1,4.8409,2,0,1,1.0,0.004841,63
3496,3,1.0253,1,1,0,4.5,0.001025,20
3497,3,3.0433,2,1,0,3.0,0.003043,26
3498,3,0.5,1,1,0,4.5,0.0005,29
3499,2,0.7579,1,1,0,5.25,0.000758,20
3500,4,1.2471,1,0,0,3.0,0.001247,22
3501,2,8.3018,2,1,0,3.5,0.008302,81
3502,3,0.5,1,1,0,4.5,0.0005,97
3503,1,1.1018,1,0,1,1.5,0.001102,125
3504,3,5.2061,2,1,0,3.0,0.005206,186
3505,3,0.5533,1,1,0,4.5,0.000553,24
3506,3,0.9805,1,1,0,4.5,0.000981,20
3507,3,1.6903,1,1,0,4.5,0.00169,27
3508,3,1.4589,1,1,0,4.5,0.001459,21
3509,3,5.8061,2,1,0,3.0,0.005806,25
3510,2,1.8996,1,1,0,5.25,0.0019,33
3511,4,4.5764,2,0,0,2.0,0.004576,21
3512,3,0.8463,1,1,0,4.5,0.000846,25
3513,4,0.5785,1,0,0,3.0,0.000578,24
3514,4,0.9679,1,0,0,3.0,0.000968,120
3515,4,0.5,1,0,0,3.0,0.0005,20
3516,3,1.9673,1,1,0,4.5,0.001967,20
3517,3,0.8247,1,1,0,4.5,0.000825,20
3518,2,0.6196,1,1,0,5.25,0.00062,127
3519,3,1.9973,1,1,0,4.5,0.001997,28
3520,3,0.5,1,1,0,4.5,0.0005,20
3521,3,2.6212,1,1,0,4.5,0.002621,22
3522,4,0.7519,1,0,0,3.0,0.000752,22
3523,1,3.8661,2,0,1,1.0,0.003866,20
3524,2,0.8191,1,1,0,5.25,0.000819,47
3525,3,2.282,1,1,0,4.5,0.002282,20
3526,2,1.4517,1,1,0,5.25,0.001452,32
3527,1,2.5524,1,0,1,1.5,0.002552,50
3528,2,1.354,1,1,0,5.25,0.001354,21
3529,3,0.5,1,1,0,4.5,0.0005,50
3530,3,3.3266,2,1,0,3.0,0.003327,160
3531,1,1.1112,1,0,1,1.5,0.001111,22
3532,1,2.6716,1,0,1,1.5,0.002672,30
3533,3,2.4191,1,1,0,4.5,0.002419,50
3534,2,0.5598,1,1,0,5.25,0.00056,20
3535,3,0.5,1,1,0,4.5,0.0005,21
3536,3,2.3361,1,1,0,4.5,0.002336,37
3537,2,0.8957,1,1,0,5.25,0.000896,50
3538,3,3.0943,2,1,0,3.0,0.003094,34
3539,2,1.0151,1,1,0,5.25,0.001015,39
3540,2,3.3755,2,1,0,3.5,0.003376,23
3541,4,1.8523,1,0,0,3.0,0.001852,25
3542,3,1.6179,1,1,0,4.5,0.001618,32
3543,4,0.8345,1,0,0,3.0,0.000835,95
3544,2,1.5305,1,1,0,5.25,0.00153,20
3545,2,3.9988,2,1,0,3.5,0.003999,47
3546,3,1.149,1,1,0,4.5,0.001149,22
3547,3,2.0633,1,1,0,4.5,0.002063,20
3548,4,1.2706,1,0,0,3.0,0.001271,29
3549,1,1.374,1,0,1,1.5,0.001374,23
3550,4,6.7975,2,0,0,2.0,0.006798,121
3551,4,4.0345,2,0,0,2.0,0.004034,66
3552,3,1.3133,1,1,0,4.5,0.001313,20
3553,2,1.5032,1,1,0,5.25,0.001503,33
3554,3,0.6013,1,1,0,4.5,0.000601,25
3555,2,1.0204,1,1,0,5.25,0.00102,41
3556,3,1.6529,1,1,0,4.5,0.001653,111
3557,3,2.8399,1,1,0,4.5,0.00284,20
3558,4,2.5661,1,0,0,3.0,0.002566,210
3559,3,0.5,1,1,0,4.5,0.0005,163
3560,3,3.2224,2,1,0,3.0,0.003222,50
3561,3,1.11,1,1,0,4.5,0.00111,26
3562,3,0.5,1,1,0,4.5,0.0005,23
3563,4,4.616,2,0,0,2.0,0.004616,23
3564,2,5.2405,2,1,0,3.5,0.005241,113
3565,4,1.5792,1,0,0,3.0,0.001579,28
3566,3,2.4644,1,1,0,4.5,0.002464,122
3567,4,2.6133,1,0,0,3.0,0.002613,20
3568,3,4.8985,2,1,0,3.0,0.004898,28
3569,3,2.5123,1,1,0,4.5,0.002512,206
3570,2,0.5,1,1,0,5.25,0.0005,150
3571,3,9.0517,2,1,0,3.0,0.009052,22
3572,1,3.5212,2,0,1,1.0,0.003521,20
3573,2,0.7288,1,1,0,5.25,0.000729,26
3574,2,0.5,1,1,0,5.25,0.0005,20
3575,2,2.0097,1,1,0,5.25,0.00201,21
3576,2,0.9184,1,1,0,5.25,0.000918,47
3577,3,1.6873,1,1,0,4.5,0.001687,58
3578,2,2.5512,1,1,0,5.25,0.002551,25
3579,3,0.6885,1,1,0,4.5,0.000688,333
3580,1,0.5,1,0,1,1.5,0.0005,28
3581,3,1.7842,1,1,0,4.5,0.001784,302
3582,3,0.7116,1,1,0,4.5,0.000712,26
3583,2,1.4039,1,1,0,5.25,0.001404,42
3584,3,0.5,1,1,0,4.5,0.0005,43
3585,4,0.9427,1,0,0,3.0,0.000943,22
3586,3,2.4796,1,1,0,4.5,0.00248,114
3587,2,2.2235,1,1,0,5.25,0.002223,54
3588,3,0.5514,1,1,0,4.5,0.000551,23
3589,3,0.5,1,1,0,4.5,0.0005,29
3590,2,1.2323,1,1,0,5.25,0.001232,23
3591,3,2.1259,1,1,0,4.5,0.002126,26
3592,2,1.8191,1,1,0,5.25,0.001819,50
3593,3,0.7269,1,1,0,4.5,0.000727,234
3594,1,1.6339,1,0,1,1.5,0.001634,21
3595,1,5.4494,2,0,1,1.0,0.005449,20
3596,4,1.4893,1,0,0,3.0,0.001489,25
3597,4,0.5,1,0,0,3.0,0.0005,43
3598,4,1.4864,1,0,0,3.0,0.001486,22
3599,4,9.3662,2,0,0,2.0,0.009366,20
3600,2,0.5,1,1,0,5.25,0.0005,20
3601,2,1.2497,1,1,0,5.25,0.00125,29
3602,1,0.9674,1,0,1,1.5,0.000967,69
3603,3,1.3351,1,1,0,4.5,0.001335,31
3604,2,1.4731,1,1,0,5.25,0.001473,57
3605,4,3.7929,2,0,0,2.0,0.003793,31
3606,1,1.3204,1,0,1,1.5,0.00132,26
3607,1,4.351,2,0,1,1.0,0.004351,23
3608,2,1.0784,1,1,0,5.25,0.001078,50
3609,2,0.8547,1,1,0,5.25,0.000855,43
3610,2,0.6212,1,1,0,5.25,0.000621,35
3611,3,0.5,1,1,0,4.5,0.0005,29
3612,2,1.5983,1,1,0,5.25,0.001598,66
3613,3,9.4607,2,1,0,3.0,0.009461,704
3614,4,1.9182,1,0,0,3.0,0.001918,23
3615,3,2.4106,1,1,0,4.5,0.002411,20
3616,3,0.8026,1,1,0,4.5,0.000803,30
3617,2,0.9501,1,1,0,5.25,0.00095,35
3618,2,3.2472,2,1,0,3.5,0.003247,20
3619,2,9.0416,2,1,0,3.5,0.009042,26
3620,4,5.3714,2,0,0,2.0,0.005371,40
3621,3,2.7139,1,1,0,4.5,0.002714,40
3622,2,1.2565,1,1,0,5.25,0.001256,83
3623,3,1.4961,1,1,0,4.5,0.001496,206
3624,3,0.571,1,1,0,4.5,0.000571,26
3625,3,0.5,1,1,0,4.5,0.0005,22
3626,3,0.5,1,1,0,4.5,0.0005,22
3627,4,1.275,1,0,0,3.0,0.001275,24
3628,3,0.9059,1,1,0,4.5,0.000906,41
3629,3,0.5,1,1,0,4.5,0.0005,27
3630,2,1.1686,1,1,0,5.25,0.001169,31
3631,1,0.8822,1,0,1,1.5,0.000882,22
3632,4,0.5,1,0,0,3.0,0.0005,20
3633,3,0.8378,1,1,0,4.5,0.000838,24
3634,2,0.88,1,1,0,5.25,0.00088,28
3635,3,0.6548,1,1,0,4.5,0.000655,20
3636,1,3.0643,2,0,1,1.0,0.003064,32
3637,3,0.5,1,1,0,4.5,0.0005,29
3638,2,0.5,1,1,0,5.25,0.0005,70
3639,3,1.2171,1,1,0,4.5,0.001217,44
3640,3,1.3355,1,1,0,4.5,0.001335,28
3641,2,1.8173,1,1,0,5.25,0.001817,681
3642,1,0.7076,1,0,1,1.5,0.000708,51
3643,3,0.5,1,1,0,4.5,0.0005,86
3644,2,1.2042,1,1,0,5.25,0.001204,26
3645,1,0.78,1,0,1,1.5,0.00078,29
3646,3,5.7214,2,1,0,3.0,0.005721,32
3647,2,0.8771,1,1,0,5.25,0.000877,22
3648,2,1.1502,1,1,0,5.25,0.00115,60
3649,2,14.4193,2,1,0,3.5,0.014419,205
3650,4,0.9984,1,0,0,3.0,0.000998,20
3651,2,2.1155,1,1,0,5.25,0.002116,28
3652,2,2.3151,1,1,0,5.25,0.002315,20
3653,2,2.5207,1,1,0,5.25,0.002521,506
3654,2,1.6203,1,1,0,5.25,0.00162,39
3655,2,1.4725,1,1,0,5.25,0.001473,20
3656,1,1.3411,1,0,1,1.5,0.001341,31
3657,2,0.6819,1,1,0,5.25,0.000682,26
3658,2,1.6798,1,1,0,5.25,0.00168,27
3659,4,9.2239,2,0,0,2.0,0.009224,20
3660,1,4.0708,2,0,1,1.0,0.004071,23
3661,2,1.6439,1,1,0,5.25,0.001644,90
3662,4,2.8547,1,0,0,3.0,0.002855,37
3663,4,0.5086,1,0,0,3.0,0.000509,55
3664,3,0.9349,1,1,0,4.5,0.000935,22
3665,2,3.1299,2,1,0,3.5,0.00313,20
3666,2,5.3672,2,1,0,3.5,0.005367,28
3667,2,0.5612,1,1,0,5.25,0.000561,22
3668,1,0.7479,1,0,1,1.5,0.000748,346
3669,2,10.7459,2,1,0,3.5,0.010746,72
3670,3,1.3356,1,1,0,4.5,0.001336,96
3671,2,7.5121,2,1,0,3.5,0.007512,20
3672,3,1.4918,1,1,0,4.5,0.001492,93
3673,2,1.5517,1,1,0,5.25,0.001552,46
3674,2,0.8937,1,1,0,5.25,0.000894,20
3675,3,3.1134,2,1,0,3.0,0.003113,75
3676,4,4.7158,2,0,0,2.0,0.004716,89
3677,2,0.5,1,1,0,5.25,0.0005,51
3678,3,0.8527,1,1,0,4.5,0.000853,41
3679,2,3.029,2,1,0,3.5,0.003029,32
3680,1,1.0657,1,0,1,1.5,0.001066,24
3681,3,0.7406,1,1,0,4.5,0.000741,52
3682,2,3.3291,2,1,0,3.5,0.003329,39
3683,2,3.6568,2,1,0,3.5,0.003657,30
3684,3,0.7738,1,1,0,4.5,0.000774,23
3685,2,1.5001,1,1,0,5.25,0.0015,25
3686,1,0.5,1,0,1,1.5,0.0005,22
3687,2,0.5,1,1,0,5.25,0.0005,23
3688,4,1.3734,1,0,0,3.0,0.001373,169
3689,3,1.2518,1,1,0,4.5,0.001252,87
3690,2,0.5,1,1,0,5.25,0.0005,75
3691,1,0.5928,1,0,1,1.5,0.000593,33
3692,3,0.5,1,1,0,4.5,0.0005,33
3693,1,1.9121,1,0,1,1.5,0.001912,30
3694,3,0.5,1,1,0,4.5,0.0005,27
3695,3,0.5,1,1,0,4.5,0.0005,55
3696,2,0.5,1,1,0,5.25,0.0005,20
3697,2,1.8444,1,1,0,5.25,0.001844,20
3698,1,0.5,1,0,1,1.5,0.0005,20
3699,1,1.2522,1,0,1,1.5,0.001252,20
3700,2,6.2506,2,1,0,3.5,0.006251,48
3701,4,6.4662,2,0,0,2.0,0.006466,46
3702,2,0.5,1,1,0,5.25,0.0005,22
3703,3,1.6349,1,1,0,4.5,0.001635,36
3704,3,0.5,1,1,0,4.5,0.0005,25
3705,1,0.5,1,0,1,1.5,0.0005,20
3706,2,1.0829,1,1,0,5.25,0.001083,47
3707,2,4.1431,2,1,0,3.5,0.004143,46
3708,3,2.2096,1,1,0,4.5,0.00221,108
3709,2,0.5933,1,1,0,5.25,0.000593,29
3710,3,2.4551,1,1,0,4.5,0.002455,29
3711,4,0.5,1,0,0,3.0,0.0005,44
3712,3,0.5713,1,1,0,4.5,0.000571,20
3713,4,0.5322,1,0,0,3.0,0.000532,20
3714,3,1.3119,1,1,0,4.5,0.001312,20
3715,4,0.9904,1,0,0,3.0,0.00099,26
3716,3,1.053,1,1,0,4.5,0.001053,54
3717,3,1.0186,1,1,0,4.5,0.001019,20
3718,3,1.2405,1,1,0,4.5,0.001241,90
3719,4,2.0819,1,0,0,3.0,0.002082,36
3720,3,1.4084,1,1,0,4.5,0.001408,62
3721,3,0.9128,1,1,0,4.5,0.000913,34
3722,3,1.8128,1,1,0,4.5,0.001813,50
3723,4,2.7712,1,0,0,3.0,0.002771,25
3724,2,0.6957,1,1,0,5.25,0.000696,20
3725,3,1.1431,1,1,0,4.5,0.001143,41
3726,3,3.877,2,1,0,3.0,0.003877,288
3727,4,0.5,1,0,0,3.0,0.0005,27
3728,2,7.3732,2,1,0,3.5,0.007373,20
3729,3,0.5,1,1,0,4.5,0.0005,25
3730,3,0.8588,1,1,0,4.5,0.000859,20
3731,4,0.5,1,0,0,3.0,0.0005,44
3732,4,10.8165,2,0,0,2.0,0.010817,20
3733,3,0.7333,1,1,0,4.5,0.000733,24
3734,3,0.7351,1,1,0,4.5,0.000735,22
3735,2,0.8373,1,1,0,5.25,0.000837,113
3736,4,1.3348,1,0,0,3.0,0.001335,24
3737,2,0.8735,1,1,0,5.25,0.000873,25
3738,3,1.0621,1,1,0,4.5,0.001062,25
3739,3,0.5,1,1,0,4.5,0.0005,35
3740,2,1.2844,1,1,0,5.25,0.001284,23
3741,2,1.2349,1,1,0,5.25,0.001235,21
3742,2,3.4271,2,1,0,3.5,0.003427,23
3743,4,4.4916,2,0,0,2.0,0.004492,27
3744,3,1.0055,1,1,0,4.5,0.001005,21
3745,1,2.7439,1,0,1,1.5,0.002744,20
3746,3,0.5,1,1,0,4.5,0.0005,96
3747,2,2.613,1,1,0,5.25,0.002613,48
3748,4,0.6843,1,0,0,3.0,0.000684,263
3749,2,0.5,1,1,0,5.25,0.0005,20
3750,2,1.0076,1,1,0,5.25,0.001008,43
3751,1,4.9215,2,0,1,1.0,0.004922,173
3752,3,1.4538,1,1,0,4.5,0.001454,45
3753,3,5.4175,2,1,0,3.0,0.005418,37
3754,3,0.5737,1,1,0,4.5,0.000574,20
3755,3,3.4591,2,1,0,3.0,0.003459,21
3756,2,0.6319,1,1,0,5.25,0.000632,20
3757,2,1.5196,1,1,0,5.25,0.00152,21
3758,2,1.5066,1,1,0,5.25,0.001507,20
3759,4,2.3505,1,0,0,3.0,0.002351,385
3760,2,1.5588,1,1,0,5.25,0.001559,27
3761,4,0.5792,1,0,0,3.0,0.000579,21
3762,2,2.9255,1,1,0,5.25,0.002925,20
3763,1,6.8538,2,0,1,1.0,0.006854,70
3764,2,0.6766,1,1,0,5.25,0.000677,55
3765,1,0.5,1,0,1,1.5,0.0005,35
3766,3,1.9986,1,1,0,4.5,0.001999,20
3767,3,0.8711,1,1,0,4.5,0.000871,58
3768,2,1.064,1,1,0,5.25,0.001064,384
3769,3,2.1156,1,1,0,4.5,0.002116,64
3770,3,0.7686,1,1,0,4.5,0.000769,67
3771,4,0.9271,1,0,0,3.0,0.000927,24
3772,4,1.0975,1,0,0,3.0,0.001097,20
3773,3,5.2746,2,1,0,3.0,0.005275,1000
3774,3,1.2501,1,1,0,4.5,0.00125,34
3775,3,0.5,1,1,0,4.5,0.0005,23
3776,3,0.5,1,1,0,4.5,0.0005,22
3777,3,1.3943,1,1,0,4.5,0.001394,61
3778,1,0.5,1,0,1,1.5,0.0005,25
3779,3,0.5,1,1,0,4.5,0.0005,32
3780,4,2.2903,1,0,0,3.0,0.00229,23
3781,1,2.4052,1,0,1,1.5,0.002405,80
3782,3,0.8395,1,1,0,4.5,0.000839,74
3783,4,1.6271,1,0,0,3.0,0.001627,70
3784,2,1.4641,1,1,0,5.25,0.001464,26
3785,3,2.2157,1,1,0,4.5,0.002216,25
3786,4,2.2209,1,0,0,3.0,0.002221,78
3787,4,0.5,1,0,0,3.0,0.0005,21
3788,1,0.9538,1,0,1,1.5,0.000954,128
3789,2,2.0361,1,1,0,5.25,0.002036,36
3790,3,0.8047,1,1,0,4.5,0.000805,32
3791,2,1.2578,1,1,0,5.25,0.001258,22
3792,2,2.5698,1,1,0,5.25,0.00257,80
3793,1,1.3153,1,0,1,1.5,0.001315,20
3794,2,5.4798,2,1,0,3.5,0.00548,229
3795,3,3.7439,2,1,0,3.0,0.003744,52
3796,3,1.0774,1,1,0,4.5,0.001077,33
3797,3,0.9951,1,1,0,4.5,0.000995,37
3798,3,0.5,1,1,0,4.5,0.0005,34
3799,2,0.8752,1,1,0,5.25,0.000875,39
3800,2,0.5,1,1,0,5.25,0.0005,21
3801,1,1.5134,1,0,1,1.5,0.001513,26
3802,2,1.4134,1,1,0,5.25,0.001413,20
3803,2,2.4327,1,1,0,5.25,0.002433,20
3804,2,4.9029,2,1,0,3.5,0.004903,74
3805,1,1.1816,1,0,1,1.5,0.001182,22
3806,2,11.8647,2,1,0,3.5,0.011865,43
3807,3,1.5305,1,1,0,4.5,0.001531,24
3808,3,0.5,1,1,0,4.5,0.0005,20
3809,4,0.6915,1,0,0,3.0,0.000691,71
3810,3,0.8356,1,1,0,4.5,0.000836,65
3811,3,2.193,1,1,0,4.5,0.002193,20
3812,1,0.5,1,0,1,1.5,0.0005,415
3813,3,0.9005,1,1,0,4.5,0.0009,90
3814,1,1.0326,1,0,1,1.5,0.001033,172
3815,2,0.7749,1,1,0,5.25,0.000775,147
3816,2,2.7307,1,1,0,5.25,0.002731,23
3817,2,2.3036,1,1,0,5.25,0.002304,41
3818,2,3.8951,2,1,0,3.5,0.003895,20
3819,3,0.8712,1,1,0,4.5,0.000871,22
3820,3,4.0377,2,1,0,3.0,0.004038,20
3821,3,0.5,1,1,0,4.5,0.0005,23
3822,3,0.5,1,1,0,4.5,0.0005,20
3823,3,0.5,1,1,0,4.5,0.0005,30
3824,1,1.2243,1,0,1,1.5,0.001224,39
3825,3,4.0371,2,1,0,3.0,0.004037,39
3826,3,0.6643,1,1,0,4.5,0.000664,88
3827,2,0.7531,1,1,0,5.25,0.000753,23
3828,2,0.9774,1,1,0,5.25,0.000977,28
3829,4,2.1511,1,0,0,3.0,0.002151,21
3830,3,0.7524,1,1,0,4.5,0.000752,20
3831,3,0.7116,1,1,0,4.5,0.000712,240
3832,3,0.5,1,1,0,4.5,0.0005,21
3833,2,0.6848,1,1,0,5.25,0.000685,21
3834,3,3.9377,2,1,0,3.0,0.003938,95
3835,2,1.3285,1,1,0,5.25,0.001329,146
3836,2,0.5789,1,1,0,5.25,0.000579,285
3837,3,4.1757,2,1,0,3.0,0.004176,20
3838,1,0.6757,1,0,1,1.5,0.000676,796
3839,3,5.0184,2,1,0,3.0,0.005018,22
3840,2,4.937,2,1,0,3.5,0.004937,27
3841,3,1.2829,1,1,0,4.5,0.001283,54
3842,3,0.5,1,1,0,4.5,0.0005,20
3843,3,11.9729,2,1,0,3.0,0.011973,31
3844,3,1.7868,1,1,0,4.5,0.001787,73
3845,4,0.8774,1,0,0,3.0,0.000877,27
3846,3,3.1559,2,1,0,3.0,0.003156,413
3847,3,2.4484,1,1,0,4.5,0.002448,35
3848,3,4.5,2,1,0,3.0,0.0045,38
3849,2,0.6255,1,1,0,5.25,0.000626,47
3850,2,1.668,1,1,0,5.25,0.001668,145
3851,2,0.5,1,1,0,5.25,0.0005,20
3852,2,2.3619,1,1,0,5.25,0.002362,20
3853,2,1.1855,1,1,0,5.25,0.001186,86
3854,2,1.6067,1,1,0,5.25,0.001607,20
3855,3,1.0479,1,1,0,4.5,0.001048,125
3856,2,0.9438,1,1,0,5.25,0.000944,91
3857,3,0.5091,1,1,0,4.5,0.000509,20
3858,2,2.674,1,1,0,5.25,0.002674,22
3859,3,5.3809,2,1,0,3.0,0.005381,54
3860,1,0.6952,1,0,1,1.5,0.000695,592
3861,3,2.11,1,1,0,4.5,0.00211,60
3862,1,1.8689,1,0,1,1.5,0.001869,28
3863,3,1.2229,1,1,0,4.5,0.001223,20
3864,2,0.5,1,1,0,5.25,0.0005,73
3865,4,0.5,1,0,0,3.0,0.0005,28
3866,2,0.5555,1,1,0,5.25,0.000556,46
3867,3,0.5,1,1,0,4.5,0.0005,24
3868,2,4.9589,2,1,0,3.5,0.004959,23
3869,3,1.7522,1,1,0,4.5,0.001752,39
3870,3,1.1773,1,1,0,4.5,0.001177,23
3871,2,0.5,1,1,0,5.25,0.0005,69
3872,2,0.5,1,1,0,5.25,0.0005,59
3873,1,1.2102,1,0,1,1.5,0.00121,26
3874,1,8.7027,2,0,1,1.0,0.008703,121
3875,4,0.6032,1,0,0,3.0,0.000603,61
3876,2,2.8776,1,1,0,5.25,0.002878,304
3877,1,0.7507,1,0,1,1.5,0.000751,30
3878,4,1.282,1,0,0,3.0,0.001282,21
3879,1,4.0871,2,0,1,1.0,0.004087,30
3880,2,0.8583,1,1,0,5.25,0.000858,21
3881,3,0.6084,1,1,0,4.5,0.000608,53
3882,4,5.0089,2,0,0,2.0,0.005009,26
3883,3,1.2696,1,1,0,4.5,0.00127,45
3884,3,3.6123,2,1,0,3.0,0.003612,30
3885,4,0.6113,1,0,0,3.0,0.000611,22
3886,1,4.9521,2,0,1,1.0,0.004952,21
3887,4,1.5948,1,0,0,3.0,0.001595,31
3888,3,1.8737,1,1,0,4.5,0.001874,40
3889,4,1.3837,1,0,0,3.0,0.001384,20
3890,2,0.7317,1,1,0,5.25,0.000732,68
3891,1,1.211,1,0,1,1.5,0.001211,50
3892,3,0.7792,1,1,0,4.5,0.000779,149
3893,3,3.1667,2,1,0,3.0,0.003167,37
3894,3,0.9901,1,1,0,4.5,0.00099,20
3895,4,0.5,1,0,0,3.0,0.0005,27
3896,3,0.5,1,1,0,4.5,0.0005,26
3897,2,0.5,1,1,0,5.25,0.0005,58
3898,2,2.2504,1,1,0,5.25,0.00225,26
3899,1,0.5,1,0,1,1.5,0.0005,27
3900,2,1.6376,1,1,0,5.25,0.001638,42
3901,1,1.3906,1,0,1,1.5,0.001391,20
3902,3,1.1371,1,1,0,4.5,0.001137,29
3903,3,1.8805,1,1,0,4.5,0.001881,20
3904,3,1.4211,1,1,0,4.5,0.001421,74
3905,2,0.5,1,1,0,5.25,0.0005,20
3906,3,0.8777,1,1,0,4.5,0.000878,101
3907,3,1.8557,1,1,0,4.5,0.001856,30
3908,4,6.2553,2,0,0,2.0,0.006255,20
3909,3,6.5509,2,1,0,3.0,0.006551,55
3910,3,0.5,1,1,0,4.5,0.0005,51
3911,3,0.8551,1,1,0,4.5,0.000855,269
3912,3,0.5,1,1,0,4.5,0.0005,27
3913,4,5.5458,2,0,0,2.0,0.005546,33
3914,2,3.3401,2,1,0,3.5,0.00334,20
3915,2,1.7224,1,1,0,5.25,0.001722,31
3916,2,1.4322,1,1,0,5.25,0.001432,20
3917,3,4.8248,2,1,0,3.0,0.004825,20
3918,3,4.0734,2,1,0,3.0,0.004073,20
3919,3,3.862,2,1,0,3.0,0.003862,20
3920,2,1.9152,1,1,0,5.25,0.001915,20
3921,2,0.8555,1,1,0,5.25,0.000855,25
3922,4,2.6124,1,0,0,3.0,0.002612,39
3923,2,2.7434,1,1,0,5.25,0.002743,34
3924,4,1.0025,1,0,0,3.0,0.001003,24
3925,2,0.8538,1,1,0,5.25,0.000854,22
3926,3,3.7677,2,1,0,3.0,0.003768,24
3927,3,6.4062,2,1,0,3.0,0.006406,25
3928,3,0.5734,1,1,0,4.5,0.000573,139
3929,1,0.9322,1,0,1,1.5,0.000932,29
3930,4,1.723,1,0,0,3.0,0.001723,20
3931,3,1.9734,1,1,0,4.5,0.001973,22
3932,3,0.7195,1,1,0,4.5,0.000719,27
3933,3,7.9778,2,1,0,3.0,0.007978,24
3934,1,1.8501,1,0,1,1.5,0.00185,75
3935,3,2.0638,1,1,0,4.5,0.002064,23
3936,2,7.043,2,1,0,3.5,0.007043,26
3937,2,0.7742,1,1,0,5.25,0.000774,43
3938,3,1.1104,1,1,0,4.5,0.00111,65
3939,3,0.5,1,1,0,4.5,0.0005,105
3940,1,1.021,1,0,1,1.5,0.001021,20
3941,1,0.5,1,0,1,1.5,0.0005,46
3942,2,2.5625,1,1,0,5.25,0.002563,41
3943,2,1.8462,1,1,0,5.25,0.001846,20
3944,3,0.9195,1,1,0,4.5,0.00092,182
3945,2,1.0972,1,1,0,5.25,0.001097,20
3946,4,2.5977,1,0,0,3.0,0.002598,20
3947,2,0.5,1,1,0,5.25,0.0005,32
3948,1,1.4878,1,0,1,1.5,0.001488,50
3949,4,2.4416,1,0,0,3.0,0.002442,22
3950,2,0.5,1,1,0,5.25,0.0005,32
3951,2,2.4063,1,1,0,5.25,0.002406,210
3952,4,0.5,1,0,0,3.0,0.0005,171
3953,4,1.0785,1,0,0,3.0,0.001078,20
3954,3,0.5,1,1,0,4.5,0.0005,22
3955,1,5.0753,2,0,1,1.0,0.005075,387
3956,3,0.5,1,1,0,4.5,0.0005,30
3957,4,0.5,1,0,0,3.0,0.0005,47
3958,4,1.3861,1,0,0,3.0,0.001386,20
3959,1,0.8021,1,0,1,1.5,0.000802,21
3960,2,0.5,1,1,0,5.25,0.0005,56
3961,2,2.0523,1,1,0,5.25,0.002052,36
3962,1,0.5,1,0,1,1.5,0.0005,56
3963,3,0.5,1,1,0,4.5,0.0005,20
3964,2,0.6824,1,1,0,5.25,0.000682,1000
3965,2,2.7057,1,1,0,5.25,0.002706,61
3966,1,4.431,2,0,1,1.0,0.004431,22
3967,3,3.6544,2,1,0,3.0,0.003654,34
3968,2,1.0407,1,1,0,5.25,0.001041,27
3969,2,0.5,1,1,0,5.25,0.0005,27
3970,1,1.7932,1,0,1,1.5,0.001793,48
3971,4,5.2789,2,0,0,2.0,0.005279,20
3972,1,4.1659,2,0,1,1.0,0.004166,67
3973,3,1.9273,1,1,0,4.5,0.001927,31
3974,2,0.5,1,1,0,5.25,0.0005,22
3975,1,0.7174,1,0,1,1.5,0.000717,22
3976,2,8.3893,2,1,0,3.5,0.008389,23
3977,1,0.5,1,0,1,1.5,0.0005,29
3978,1,0.5,1,0,1,1.5,0.0005,40
3979,3,3.1133,2,1,0,3.0,0.003113,34
3980,3,0.7882,1,1,0,4.5,0.000788,53
3981,1,0.5,1,0,1,1.5,0.0005,22
3982,2,5.5908,2,1,0,3.5,0.005591,43
3983,3,1.9236,1,1,0,4.5,0.001924,296
3984,2,0.8281,1,1,0,5.25,0.000828,56
3985,2,0.5,1,1,0,5.25,0.0005,20
3986,1,9.3985,2,0,1,1.0,0.009399,28
3987,2,1.1838,1,1,0,5.25,0.001184,20
3988,3,4.9061,2,1,0,3.0,0.004906,37
3989,4,2.9647,1,0,0,3.0,0.002965,20
3990,4,0.7205,1,0,0,3.0,0.000721,32
3991,4,0.7263,1,0,0,3.0,0.000726,22
3992,2,5.1524,2,1,0,3.5,0.005152,60
3993,1,5.2366,2,0,1,1.0,0.005237,29
3994,2,0.5,1,1,0,5.25,0.0005,20
3995,2,2.1021,1,1,0,5.25,0.002102,20
3996,1,1.0746,1,0,1,1.5,0.001075,27
3997,1,0.5,1,0,1,1.5,0.0005,105
3998,3,1.576,1,1,0,4.5,0.001576,125
3999,2,0.5,1,1,0,5.25,0.0005,20
4000,2,0.7609,1,1,0,5.25,0.000761,69
4001,3,0.5459,1,1,0,4.5,0.000546,21
4002,2,0.7359,1,1,0,5.25,0.000736,20
4003,4,1.1294,1,0,0,3.0,0.001129,25
4004,2,0.5,1,1,0,5.25,0.0005,22
4005,3,5.8493,2,1,0,3.0,0.005849,33
4006,2,1.9866,1,1,0,5.25,0.001987,41
4007,3,7.2988,2,1,0,3.0,0.007299,44
4008,2,1.0336,1,1,0,5.25,0.001034,79
4009,2,0.7007,1,1,0,5.25,0.000701,197
4010,3,7.0397,2,1,0,3.0,0.00704,273
4011,2,0.6805,1,1,0,5.25,0.000681,41
4012,2,1.015,1,1,0,5.25,0.001015,37
4013,4,2.4923,1,0,0,3.0,0.002492,37
4014,1,0.5,1,0,1,1.5,0.0005,29
4015,3,2.4706,1,1,0,4.5,0.002471,205
4016,3,2.1738,1,1,0,4.5,0.002174,28
4017,2,4.3166,2,1,0,3.5,0.004317,26
4018,3,2.9541,1,1,0,4.5,0.002954,20
4019,1,4.451,2,0,1,1.0,0.004451,21
4020,3,1.0862,1,1,0,4.5,0.001086,84
4021,2,0.512,1,1,0,5.25,0.000512,22
4022,2,10.0055,2,1,0,3.5,0.010005,20
4023,2,0.5,1,1,0,5.25,0.0005,32
4024,4,0.5,1,0,0,3.0,0.0005,36
4025,3,2.1346,1,1,0,4.5,0.002135,20
4026,4,6.1603,2,0,0,2.0,0.00616,31
4027,3,1.4662,1,1,0,4.5,0.001466,68
4028,3,3.2951,2,1,0,3.0,0.003295,23
4029,3,0.5,1,1,0,4.5,0.0005,38
4030,4,0.7361,1,0,0,3.0,0.000736,60
4031,3,0.5,1,1,0,4.5,0.0005,22
4032,2,2.6473,1,1,0,5.25,0.002647,1000
4033,3,0.5,1,1,0,4.5,0.0005,50
4034,3,0.5,1,1,0,4.5,0.0005,25
4035,1,2.0282,1,0,1,1.5,0.002028,20
4036,2,3.5077,2,1,0,3.5,0.003508,30
4037,2,1.0348,1,1,0,5.25,0.001035,20
4038,3,2.1454,1,1,0,4.5,0.002145,20
4039,2,2.077,1,1,0,5.25,0.002077,111
4040,3,0.978,1,1,0,4.5,0.000978,36
4041,2,0.5,1,1,0,5.25,0.0005,36
4042,3,2.1341,1,1,0,4.5,0.002134,24
4043,1,2.2395,1,0,1,1.5,0.002239,30
4044,4,2.9659,1,0,0,3.0,0.002966,23
4045,3,1.6573,1,1,0,4.5,0.001657,31
4046,2,0.5,1,1,0,5.25,0.0005,40
4047,2,2.4193,1,1,0,5.25,0.002419,63
4048,2,1.2114,1,1,0,5.25,0.001211,80
4049,2,0.7486,1,1,0,5.25,0.000749,28
4050,3,0.9035,1,1,0,4.5,0.000903,39
4051,4,0.6083,1,0,0,3.0,0.000608,23
4052,3,2.9505,1,1,0,4.5,0.002951,26
4053,3,0.5,1,1,0,4.5,0.0005,35
4054,2,0.5,1,1,0,5.25,0.0005,26
4055,3,0.8732,1,1,0,4.5,0.000873,20
4056,3,6.0915,2,1,0,3.0,0.006092,20
4057,2,3.4814,2,1,0,3.5,0.003481,39
4058,4,0.5,1,0,0,3.0,0.0005,27
4059,2,4.6856,2,1,0,3.5,0.004686,20
4060,3,4.6766,2,1,0,3.0,0.004677,260
4061,4,0.5,1,0,0,3.0,0.0005,21
4062,3,0.5,1,1,0,4.5,0.0005,36
4063,2,1.1285,1,1,0,5.25,0.001129,20
4064,3,3.7269,2,1,0,3.0,0.003727,22
4065,1,5.9561,2,0,1,1.0,0.005956,48
4066,3,0.5078,1,1,0,4.5,0.000508,25
4067,2,6.9945,2,1,0,3.5,0.006995,31
4068,3,0.5,1,1,0,4.5,0.0005,43
4069,4,0.8395,1,0,0,3.0,0.00084,20
4070,2,0.7993,1,1,0,5.25,0.000799,23
4071,2,3.84,2,1,0,3.5,0.00384,25
4072,3,4.4435,2,1,0,3.0,0.004444,32
4073,2,3.1499,2,1,0,3.5,0.00315,73
4074,2,0.5,1,1,0,5.25,0.0005,23
4075,1,2.8742,1,0,1,1.5,0.002874,99
4076,2,2.0182,1,1,0,5.25,0.002018,21
4077,3,0.5,1,1,0,4.5,0.0005,86
4078,3,0.5,1,1,0,4.5,0.0005,38
4079,2,3.4251,2,1,0,3.5,0.003425,22
4080,3,1.0131,1,1,0,4.5,0.001013,33
4081,2,0.5,1,1,0,5.25,0.0005,20
4082,2,0.9851,1,1,0,5.25,0.000985,60
4083,3,1.7458,1,1,0,4.5,0.001746,47
4084,2,1.1166,1,1,0,5.25,0.001117,27
4085,3,0.5,1,1,0,4.5,0.0005,64
4086,4,7.9941,2,0,0,2.0,0.007994,20
4087,3,3.3114,2,1,0,3.0,0.003311,21
4088,3,0.8674,1,1,0,4.5,0.000867,36
4089,1,0.9031,1,0,1,1.5,0.000903,36
4090,2,1.7378,1,1,0,5.25,0.001738,24
4091,1,0.5,1,0,1,1.5,0.0005,22
4092,3,1.675,1,1,0,4.5,0.001675,115
4093,3,0.5,1,1,0,4.5,0.0005,53
4094,2,1.1304,1,1,0,5.25,0.00113,23
4095,2,0.5,1,1,0,5.25,0.0005,33
4096,2,0.5,1,1,0,5.25,0.0005,20
4097,3,6.2894,2,1,0,3.0,0.006289,20
4098,3,1.2871,1,1,0,4.5,0.001287,42
4099,3,1.4927,1,1,0,4.5,0.001493,61
4100,4,0.5,1,0,0,3.0,0.0005,24
4101,2,0.6677,1,1,0,5.25,0.000668,21
4102,3,1.9239,1,1,0,4.5,0.001924,21
4103,3,1.473,1,1,0,4.5,0.001473,44
4104,2,0.5,1,1,0,5.25,0.0005,21
4105,4,1.4923,1,0,0,3.0,0.001492,20
4106,1,1.7502,1,0,1,1.5,0.00175,20
4107,3,4.3794,2,1,0,3.0,0.004379,20
4108,3,0.63,1,1,0,4.5,0.00063,65
4109,4,0.5,1,0,0,3.0,0.0005,36
4110,3,0.5,1,1,0,4.5,0.0005,27
4111,2,0.5,1,1,0,5.25,0.0005,20
4112,3,2.5341,1,1,0,4.5,0.002534,35
4113,3,0.5,1,1,0,4.5,0.0005,20
4114,3,0.7748,1,1,0,4.5,0.000775,90
4115,3,5.0478,2,1,0,3.0,0.005048,129
4116,2,1.2218,1,1,0,5.25,0.001222,27
4117,3,2.9727,1,1,0,4.5,0.002973,36
4118,4,0.5,1,0,0,3.0,0.0005,94
4119,2,0.5,1,1,0,5.25,0.0005,74
4120,3,5.1059,2,1,0,3.0,0.005106,20
4121,4,1.3423,1,0,0,3.0,0.001342,20
4122,3,1.345,1,1,0,4.5,0.001345,55
4123,4,0.5,1,0,0,3.0,0.0005,82
4124,2,1.3417,1,1,0,5.25,0.001342,109
4125,4,0.5,1,0,0,3.0,0.0005,51
4126,2,3.975,2,1,0,3.5,0.003975,20
4127,3,18.5594,3,1,0,2.4,0.018559,21
4128,3,1.9681,1,1,0,4.5,0.001968,36
4129,3,0.6429,1,1,0,4.5,0.000643,683
4130,4,0.5,1,0,0,3.0,0.0005,257
4131,3,0.5,1,1,0,4.5,0.0005,20
4132,3,5.7432,2,1,0,3.0,0.005743,20
4133,2,0.5,1,1,0,5.25,0.0005,95
4134,3,0.8372,1,1,0,4.5,0.000837,21
4135,3,2.3361,1,1,0,4.5,0.002336,29
4136,1,5.3411,2,0,1,1.0,0.005341,131
4137,3,0.9936,1,1,0,4.5,0.000994,30
4138,4,0.8094,1,0,0,3.0,0.000809,34
4139,3,1.3031,1,1,0,4.5,0.001303,25
4140,3,0.6476,1,1,0,4.5,0.000648,23
4141,2,0.6834,1,1,0,5.25,0.000683,53
4142,3,1.8313,1,1,0,4.5,0.001831,34
4143,1,1.46,1,0,1,1.5,0.00146,20
4144,2,10.2241,2,1,0,3.5,0.010224,28
4145,3,1.8814,1,1,0,4.5,0.001881,20
4146,2,3.8355,2,1,0,3.5,0.003835,25
4147,1,0.5,1,0,1,1.5,0.0005,24
4148,3,2.051,1,1,0,4.5,0.002051,73
4149,2,0.5887,1,1,0,5.25,0.000589,38
4150,2,1.8015,1,1,0,5.25,0.001801,20
4151,2,2.4149,1,1,0,5.25,0.002415,54
4152,3,1.2751,1,1,0,4.5,0.001275,74
4153,2,13.4701,2,1,0,3.5,0.01347,193
4154,3,5.0588,2,1,0,3.0,0.005059,33
4155,3,3.9369,2,1,0,3.0,0.003937,20
4156,1,2.605,1,0,1,1.5,0.002605,51
4157,4,7.0746,2,0,0,2.0,0.007075,23
4158,1,0.5,1,0,1,1.5,0.0005,23
4159,3,4.7752,2,1,0,3.0,0.004775,21
4160,2,0.5,1,1,0,5.25,0.0005,25
4161,3,0.6899,1,1,0,4.5,0.00069,24
4162,2,2.1266,1,1,0,5.25,0.002127,20
4163,4,4.1635,2,0,0,2.0,0.004164,28
4164,2,0.5,1,1,0,5.25,0.0005,25
4165,3,0.7266,1,1,0,4.5,0.000727,20
4166,2,1.3373,1,1,0,5.25,0.001337,45
4167,1,1.0068,1,0,1,1.5,0.001007,26
4168,2,2.8496,1,1,0,5.25,0.00285,38
4169,3,37.6779,3,1,0,2.4,0.037678,50
4170,3,1.845,1,1,0,4.5,0.001845,20
4171,4,0.5816,1,0,0,3.0,0.000582,20
4172,3,0.5,1,1,0,4.5,0.0005,41
4173,4,0.8762,1,0,0,3.0,0.000876,20
4174,2,0.5,1,1,0,5.25,0.0005,149
4175,3,1.9361,1,1,0,4.5,0.001936,68
4176,3,1.9063,1,1,0,4.5,0.001906,60
4177,3,0.7634,1,1,0,4.5,0.000763,21
4178,4,8.8295,2,0,0,2.0,0.00883,30
4179,3,0.5814,1,1,0,4.5,0.000581,39
4180,4,1.0765,1,0,0,3.0,0.001077,20
4181,3,2.2986,1,1,0,4.5,0.002299,25
4182,1,2.96,1,0,1,1.5,0.00296,69
4183,3,4.3524,2,1,0,3.0,0.004352,20
4184,3,1.862,1,1,0,4.5,0.001862,1000
4185,4,3.4697,2,0,0,2.0,0.00347,39
4186,3,0.6238,1,1,0,4.5,0.000624,22
4187,1,3.0381,2,0,1,1.0,0.003038,48
4188,1,2.9978,1,0,1,1.5,0.002998,20
4189,1,5.5071,2,0,1,1.0,0.005507,48
4190,3,0.5,1,1,0,4.5,0.0005,46
4191,1,0.5,1,0,1,1.5,0.0005,41
4192,3,2.7629,1,1,0,4.5,0.002763,21
4193,3,0.5,1,1,0,4.5,0.0005,202
4194,3,1.9841,1,1,0,4.5,0.001984,30
4195,2,3.5007,2,1,0,3.5,0.003501,20
4196,3,0.6817,1,1,0,4.5,0.000682,38
4197,1,0.789,1,0,1,1.5,0.000789,20
4198,4,0.5,1,0,0,3.0,0.0005,22
4199,2,0.7201,1,1,0,5.25,0.00072,41
4200,1,0.7412,1,0,1,1.5,0.000741,30
4201,2,0.6128,1,1,0,5.25,0.000613,38
4202,3,0.5801,1,1,0,4.5,0.00058,23
4203,1,0.9251,1,0,1,1.5,0.000925,37
4204,3,0.914,1,1,0,4.5,0.000914,50
4205,3,7.9033,2,1,0,3.0,0.007903,59
4206,3,0.8179,1,1,0,4.5,0.000818,28
4207,2,1.7114,1,1,0,5.25,0.001711,48
4208,1,0.6813,1,0,1,1.5,0.000681,23
4209,2,0.6727,1,1,0,5.25,0.000673,20
4210,2,0.5,1,1,0,5.25,0.0005,30
4211,3,0.5,1,1,0,4.5,0.0005,98
4212,2,0.5,1,1,0,5.25,0.0005,32
4213,2,1.4577,1,1,0,5.25,0.001458,24
4214,1,3.5584,2,0,1,1.0,0.003558,40
4215,3,0.5,1,1,0,4.5,0.0005,35
4216,2,0.7005,1,1,0,5.25,0.000701,26
4217,3,0.5,1,1,0,4.5,0.0005,22
4218,1,0.9313,1,0,1,1.5,0.000931,33
4219,4,3.557,2,0,0,2.0,0.003557,27
4220,3,0.7759,1,1,0,4.5,0.000776,21
4221,2,1.1568,1,1,0,5.25,0.001157,51
4222,1,5.1985,2,0,1,1.0,0.005199,44
4223,2,1.9175,1,1,0,5.25,0.001918,112
4224,2,0.5673,1,1,0,5.25,0.000567,20
4225,2,1.422,1,1,0,5.25,0.001422,40
4226,4,0.5303,1,0,0,3.0,0.00053,31
4227,3,1.8471,1,1,0,4.5,0.001847,24
4228,2,2.0309,1,1,0,5.25,0.002031,31
4229,3,0.5,1,1,0,4.5,0.0005,29
4230,2,1.4453,1,1,0,5.25,0.001445,28
4231,4,1.0785,1,0,0,3.0,0.001079,35
4232,1,2.0914,1,0,1,1.5,0.002091,235
4233,3,2.7857,1,1,0,4.5,0.002786,20
4234,3,1.9554,1,1,0,4.5,0.001955,26
4235,1,0.8958,1,0,1,1.5,0.000896,23
4236,2,3.0848,2,1,0,3.5,0.003085,62
4237,2,0.5067,1,1,0,5.25,0.000507,32
4238,4,0.5,1,0,0,3.0,0.0005,21
4239,3,0.5,1,1,0,4.5,0.0005,46
4240,3,1.1309,1,1,0,4.5,0.001131,39
4241,3,0.5334,1,1,0,4.5,0.000533,31
4242,3,1.8056,1,1,0,4.5,0.001806,45
4243,3,0.5,1,1,0,4.5,0.0005,33
4244,3,0.6351,1,1,0,4.5,0.000635,61
4245,3,1.9414,1,1,0,4.5,0.001941,20
4246,2,0.5,1,1,0,5.25,0.0005,34
4247,4,1.8265,1,0,0,3.0,0.001827,27
4248,1,0.695,1,0,1,1.5,0.000695,24
4249,2,1.1739,1,1,0,5.25,0.001174,227
4250,3,2.1997,1,1,0,4.5,0.0022,37
4251,2,3.1454,2,1,0,3.5,0.003145,20
4252,1,1.3306,1,0,1,1.5,0.001331,122
4253,2,0.5375,1,1,0,5.25,0.000537,23
4254,3,0.7673,1,1,0,4.5,0.000767,80
4255,3,2.2936,1,1,0,4.5,0.002294,20
4256,1,0.5,1,0,1,1.5,0.0005,48
4257,1,1.0152,1,0,1,1.5,0.001015,21
4258,3,0.8247,1,1,0,4.5,0.000825,104
4259,4,1.0939,1,0,0,3.0,0.001094,20
4260,2,0.5,1,1,0,5.25,0.0005,170
4261,4,0.5,1,0,0,3.0,0.0005,78
4262,4,2.0419,1,0,0,3.0,0.002042,546
4263,2,3.1813,2,1,0,3.5,0.003181,21
4264,3,0.5,1,1,0,4.5,0.0005,26
4265,3,1.7543,1,1,0,4.5,0.001754,63
4266,3,3.5835,2,1,0,3.0,0.003583,65
4267,2,2.2013,1,1,0,5.25,0.002201,20
4268,3,0.7997,1,1,0,4.5,0.0008,20
4269,3,0.5,1,1,0,4.5,0.0005,27
4270,3,1.3154,1,1,0,4.5,0.001315,59
4271,4,1.5542,1,0,0,3.0,0.001554,29
4272,3,1.335,1,1,0,4.5,0.001335,35
4273,3,1.0131,1,1,0,4.5,0.001013,20
4274,4,0.5,1,0,0,3.0,0.0005,21
4275,2,1.8512,1,1,0,5.25,0.001851,205
4276,1,1.9426,1,0,1,1.5,0.001943,20
4277,2,1.4829,1,1,0,5.25,0.001483,123
4278,4,1.3555,1,0,0,3.0,0.001355,26
4279,2,6.5039,2,1,0,3.5,0.006504,41
4280,3,0.6497,1,1,0,4.5,0.00065,58
4281,1,4.3692,2,0,1,1.0,0.004369,136
4282,2,0.5822,1,1,0,5.25,0.000582,21
4283,3,3.677,2,1,0,3.0,0.003677,22
4284,1,4.1642,2,0,1,1.0,0.004164,26
4285,4,0.9049,1,0,0,3.0,0.000905,21
4286,2,6.386,2,1,0,3.5,0.006386,36
4287,4,1.939,1,0,0,3.0,0.001939,80
4288,2,0.5045,1,1,0,5.25,0.000505,129
4289,4,0.8344,1,0,0,3.0,0.000834,136
4290,3,3.7656,2,1,0,3.0,0.003766,117
4291,1,3.0533,2,0,1,1.0,0.003053,58
4292,1,0.5,1,0,1,1.5,0.0005,26
4293,1,1.0554,1,0,1,1.5,0.001055,73
4294,3,1.4869,1,1,0,4.5,0.001487,20
4295,3,0.7302,1,1,0,4.5,0.00073,24
4296,2,12.8192,2,1,0,3.5,0.012819,21
4297,2,1.5324,1,1,0,5.25,0.001532,50
4298,3,1.1403,1,1,0,4.5,0.00114,20
4299,3,3.9908,2,1,0,3.0,0.003991,20
4300,3,0.8419,1,1,0,4.5,0.000842,25
4301,3,3.322,2,1,0,3.0,0.003322,89
4302,3,0.5,1,1,0,4.5,0.0005,34
4303,4,0.7707,1,0,0,3.0,0.000771,22
4304,2,3.4633,2,1,0,3.5,0.003463,129
4305,1,5.8319,2,0,1,1.0,0.005832,29
4306,1,0.5598,1,0,1,1.5,0.00056,46
4307,3,0.5,1,1,0,4.5,0.0005,20
4308,2,2.1395,1,1,0,5.25,0.00214,20
4309,4,0.6506,1,0,0,3.0,0.000651,23
4310,3,0.9273,1,1,0,4.5,0.000927,30
4311,3,2.9141,1,1,0,4.5,0.002914,22
4312,3,0.704,1,1,0,4.5,0.000704,31
4313,2,0.5,1,1,0,5.25,0.0005,27
4314,3,0.5,1,1,0,4.5,0.0005,227
4315,1,1.2252,1,0,1,1.5,0.001225,35
4316,3,0.5,1,1,0,4.5,0.0005,27
4317,4,0.9012,1,0,0,3.0,0.000901,24
4318,3,0.5,1,1,0,4.5,0.0005,30
4319,4,6.2532,2,0,0,2.0,0.006253,20
4320,2,10.5729,2,1,0,3.5,0.010573,37
4321,3,0.5,1,1,0,4.5,0.0005,101
4322,3,1.5682,1,1,0,4.5,0.001568,25
4323,3,0.5,1,1,0,4.5,0.0005,83
4324,1,0.8903,1,0,1,1.5,0.00089,20
4325,2,7.3641,2,1,0,3.5,0.007364,42
4326,3,0.7607,1,1,0,4.5,0.000761,123
4327,1,0.9113,1,0,1,1.5,0.000911,50
4328,3,0.5,1,1,0,4.5,0.0005,88
4329,3,3.8165,2,1,0,3.0,0.003817,20
4330,4,0.5,1,0,0,3.0,0.0005,43
4331,1,0.7791,1,0,1,1.5,0.000779,69
4332,4,1.1587,1,0,0,3.0,0.001159,20
4333,1,0.6263,1,0,1,1.5,0.000626,26
4334,3,2.8768,1,1,0,4.5,0.002877,22
4335,3,4.0357,2,1,0,3.0,0.004036,27
4336,1,0.5,1,0,1,1.5,0.0005,55
4337,1,9.8418,2,0,1,1.0,0.009842,78
4338,1,0.5,1,0,1,1.5,0.0005,21
4339,3,4.4008,2,1,0,3.0,0.004401,20
4340,3,1.4091,1,1,0,4.5,0.001409,33
4341,1,0.733,1,0,1,1.5,0.000733,35
4342,1,0.8056,1,0,1,1.5,0.000806,20
4343,3,1.1731,1,1,0,4.5,0.001173,25
4344,2,1.4942,1,1,0,5.25,0.001494,20
4345,3,0.5,1,1,0,4.5,0.0005,20
4346,4,0.96,1,0,0,3.0,0.00096,30
4347,3,0.5613,1,1,0,4.5,0.000561,20
4348,4,0.5,1,0,0,3.0,0.0005,20
4349,3,0.5357,1,1,0,4.5,0.000536,36
4350,3,0.5,1,1,0,4.5,0.0005,124
4351,2,0.7969,1,1,0,5.25,0.000797,31
4352,1,1.8694,1,0,1,1.5,0.001869,22
4353,3,1.3687,1,1,0,4.5,0.001369,20
4354,1,8.7363,2,0,1,1.0,0.008736,32
4355,4,0.5,1,0,0,3.0,0.0005,21
4356,3,1.9396,1,1,0,4.5,0.00194,20
4357,4,1.2209,1,0,0,3.0,0.001221,144
4358,2,2.7424,1,1,0,5.25,0.002742,101
4359,3,2.4834,1,1,0,4.5,0.002483,24
4360,3,1.0286,1,1,0,4.5,0.001029,23
4361,2,1.4417,1,1,0,5.25,0.001442,56
4362,3,0.5764,1,1,0,4.5,0.000576,20
4363,3,2.2408,1,1,0,4.5,0.002241,27
4364,4,0.5,1,0,0,3.0,0.0005,21
4365,3,2.6379,1,1,0,4.5,0.002638,44
4366,1,1.1853,1,0,1,1.5,0.001185,27
4367,3,0.7453,1,1,0,4.5,0.000745,21
4368,3,0.9614,1,1,0,4.5,0.000961,41
4369,1,1.0345,1,0,1,1.5,0.001035,27
4370,2,4.4391,2,1,0,3.5,0.004439,21
4371,2,30.7731,3,1,0,2.8,0.030773,70
4372,1,4.1083,2,0,1,1.0,0.004108,41
4373,3,0.6892,1,1,0,4.5,0.000689,37
4374,2,2.2772,1,1,0,5.25,0.002277,30
4375,3,2.3785,1,1,0,4.5,0.002379,21
4376,2,0.5,1,1,0,5.25,0.0005,24
4377,3,0.5,1,1,0,4.5,0.0005,24
4378,2,1.1387,1,1,0,5.25,0.001139,25
4379,4,2.7206,1,0,0,3.0,0.002721,213
4380,1,0.5,1,0,1,1.5,0.0005,57
4381,3,0.5899,1,1,0,4.5,0.00059,33
4382,2,2.1507,1,1,0,5.25,0.002151,22
4383,2,1.2647,1,1,0,5.25,0.001265,20
4384,3,4.9999,2,1,0,3.0,0.005,20
4385,3,0.5,1,1,0,4.5,0.0005,29
4386,4,12.7472,2,0,0,2.0,0.012747,27
4387,2,0.5,1,1,0,5.25,0.0005,45
4388,2,0.5,1,1,0,5.25,0.0005,22
4389,3,1.1437,1,1,0,4.5,0.001144,38
4390,3,0.5,1,1,0,4.5,0.0005,20
4391,2,1.1669,1,1,0,5.25,0.001167,20
4392,3,1.1268,1,1,0,4.5,0.001127,382
4393,3,0.9974,1,1,0,4.5,0.000997,20
4394,3,0.5224,1,1,0,4.5,0.000522,23
4395,2,1.8697,1,1,0,5.25,0.00187,22
4396,2,0.8832,1,1,0,5.25,0.000883,31
4397,2,3.6576,2,1,0,3.5,0.003658,34
4398,3,1.0129,1,1,0,4.5,0.001013,20
4399,2,0.5,1,1,0,5.25,0.0005,22
4400,3,0.5,1,1,0,4.5,0.0005,26
4401,3,1.0213,1,1,0,4.5,0.001021,57
4402,3,0.5,1,1,0,4.5,0.0005,20
4403,1,0.5,1,0,1,1.5,0.0005,20
4404,2,2.0557,1,1,0,5.25,0.002056,58
4405,3,0.5,1,1,0,4.5,0.0005,34
4406,3,4.9796,2,1,0,3.0,0.00498,82
4407,4,1.4231,1,0,0,3.0,0.001423,21
4408,2,1.161,1,1,0,5.25,0.001161,31
4409,4,0.5,1,0,0,3.0,0.0005,43
4410,2,2.6052,1,1,0,5.25,0.002605,194
4411,2,1.2095,1,1,0,5.25,0.00121,190
4412,1,0.6108,1,0,1,1.5,0.000611,49
4413,3,1.4814,1,1,0,4.5,0.001481,20
4414,2,0.5,1,1,0,5.25,0.0005,28
4415,2,0.5,1,1,0,5.25,0.0005,48
4416,3,0.5,1,1,0,4.5,0.0005,20
4417,3,1.7206,1,1,0,4.5,0.001721,22
4418,1,1.2091,1,0,1,1.5,0.001209,28
4419,1,3.463,2,0,1,1.0,0.003463,32
4420,3,0.5,1,1,0,4.5,0.0005,29
4421,2,2.1551,1,1,0,5.25,0.002155,23
4422,2,1.0825,1,1,0,5.25,0.001083,28
4423,3,0.5,1,1,0,4.5,0.0005,84
4424,2,1.7833,1,1,0,5.25,0.001783,53
4425,3,1.1356,1,1,0,4.5,0.001136,20
4426,2,0.6466,1,1,0,5.25,0.000647,23
4427,2,1.2651,1,1,0,5.25,0.001265,34
4428,1,1.0657,1,0,1,1.5,0.001066,619
4429,2,1.0402,1,1,0,5.25,0.00104,21
4430,1,0.803,1,0,1,1.5,0.000803,31
4431,2,0.5,1,1,0,5.25,0.0005,32
4432,4,1.3072,1,0,0,3.0,0.001307,63
4433,3,0.5436,1,1,0,4.5,0.000544,36
4434,2,0.5,1,1,0,5.25,0.0005,20
4435,3,0.9536,1,1,0,4.5,0.000954,21
4436,3,2.5274,1,1,0,4.5,0.002527,20
4437,3,1.4605,1,1,0,4.5,0.00146,39
4438,2,0.7132,1,1,0,5.25,0.000713,21
4439,2,0.6851,1,1,0,5.25,0.000685,1000
4440,2,2.2909,1,1,0,5.25,0.002291,27
4441,1,0.5,1,0,1,1.5,0.0005,31
4442,2,2.6926,1,1,0,5.25,0.002693,25
4443,4,0.5,1,0,0,3.0,0.0005,113
4444,4,0.5,1,0,0,3.0,0.0005,40
4445,1,0.7253,1,0,1,1.5,0.000725,20
4446,3,10.6257,2,1,0,3.0,0.010626,25
4447,2,6.492,2,1,0,3.5,0.006492,20
4448,3,2.4587,1,1,0,4.5,0.002459,24
4449,3,1.7327,1,1,0,4.5,0.001733,36
4450,1,0.5,1,0,1,1.5,0.0005,20
4451,3,1.4189,1,1,0,4.5,0.001419,26
4452,4,0.7004,1,0,0,3.0,0.0007,43
4453,3,0.5361,1,1,0,4.5,0.000536,20
4454,3,1.4162,1,1,0,4.5,0.001416,20
4455,3,0.7573,1,1,0,4.5,0.000757,162
4456,2,2.8934,1,1,0,5.25,0.002893,1000
4457,1,0.5,1,0,1,1.5,0.0005,20
4458,3,1.3076,1,1,0,4.5,0.001308,38
4459,1,0.5036,1,0,1,1.5,0.000504,48
4460,3,0.8053,1,1,0,4.5,0.000805,105
4461,2,1.6451,1,1,0,5.25,0.001645,28
4462,2,0.5,1,1,0,5.25,0.0005,86
4463,2,1.4296,1,1,0,5.25,0.00143,191
4464,4,0.981,1,0,0,3.0,0.000981,23
4465,2,0.6266,1,1,0,5.25,0.000627,131
4466,2,0.7577,1,1,0,5.25,0.000758,75
4467,2,1.0393,1,1,0,5.25,0.001039,70
4468,3,0.5629,1,1,0,4.5,0.000563,20
4469,4,1.2217,1,0,0,3.0,0.001222,51
4470,2,0.9185,1,1,0,5.25,0.000918,24
4471,4,0.6583,1,0,0,3.0,0.000658,20
4472,2,5.9476,2,1,0,3.5,0.005948,24
4473,3,1.8375,1,1,0,4.5,0.001837,97
4474,1,0.8273,1,0,1,1.5,0.000827,61
4475,3,1.4036,1,1,0,4.5,0.001404,46
4476,3,0.5,1,1,0,4.5,0.0005,46
4477,3,0.7838,1,1,0,4.5,0.000784,78
4478,2,0.8808,1,1,0,5.25,0.000881,101
4479,3,0.5,1,1,0,4.5,0.0005,29
4480,4,1.7869,1,0,0,3.0,0.001787,34
4481,3,0.7316,1,1,0,4.5,0.000732,35
4482,3,0.8502,1,1,0,4.5,0.00085,228
4483,3,0.6869,1,1,0,4.5,0.000687,20
4484,2,23.3883,3,1,0,2.8,0.023388,38
4485,4,0.6253,1,0,0,3.0,0.000625,53
4486,2,0.5,1,1,0,5.25,0.0005,20
4487,3,0.5,1,1,0,4.5,0.0005,41
4488,1,2.5921,1,0,1,1.5,0.002592,22
4489,2,4.6163,2,1,0,3.5,0.004616,24
4490,3,0.6135,1,1,0,4.5,0.000613,27
4491,3,4.3584,2,1,0,3.0,0.004358,25
4492,4,2.5465,1,0,0,3.0,0.002547,20
4493,4,1.0037,1,0,0,3.0,0.001004,48
4494,1,0.9349,1,0,1,1.5,0.000935,113
4495,2,1.4536,1,1,0,5.25,0.001454,100
4496,2,2.9171,1,1,0,5.25,0.002917,20
4497,3,1.8048,1,1,0,4.5,0.001805,20
4498,3,0.6165,1,1,0,4.5,0.000617,20
4499,4,1.0191,1,0,0,3.0,0.001019,23
4500,3,8.797,2,1,0,3.0,0.008797,104
4501,1,1.5595,1,0,1,1.5,0.001559,21
4502,3,2.8935,1,1,0,4.5,0.002894,20
4503,3,2.0814,1,1,0,4.5,0.002081,29
4504,3,1.5944,1,1,0,4.5,0.001594,22
4505,1,1.3524,1,0,1,1.5,0.001352,21
4506,2,2.9759,1,1,0,5.25,0.002976,20
4507,2,2.4888,1,1,0,5.25,0.002489,33
4508,2,1.5794,1,1,0,5.25,0.001579,33
4509,3,0.6062,1,1,0,4.5,0.000606,32
4510,2,1.7837,1,1,0,5.25,0.001784,60
4511,3,1.1344,1,1,0,4.5,0.001134,31
4512,3,0.8913,1,1,0,4.5,0.000891,72
4513,4,17.671,3,0,0,1.6,0.017671,26
4514,1,0.5,1,0,1,1.5,0.0005,191
4515,1,3.1634,2,0,1,1.0,0.003163,23
4516,2,0.512,1,1,0,5.25,0.000512,20
4517,2,1.3831,1,1,0,5.25,0.001383,474
4518,2,15.8273,3,1,0,2.8,0.015827,44
4519,3,0.5,1,1,0,4.5,0.0005,28
4520,2,0.5882,1,1,0,5.25,0.000588,33
4521,1,1.192,1,0,1,1.5,0.001192,22
4522,2,0.5199,1,1,0,5.25,0.00052,123
4523,3,2.9365,1,1,0,4.5,0.002936,40
4524,4,0.7108,1,0,0,3.0,0.000711,49
4525,3,2.333,1,1,0,4.5,0.002333,24
4526,3,0.5,1,1,0,4.5,0.0005,20
4527,3,0.5,1,1,0,4.5,0.0005,22
4528,3,0.9648,1,1,0,4.5,0.000965,35
4529,2,0.5,1,1,0,5.25,0.0005,44
4530,3,5.5368,2,1,0,3.0,0.005537,100
4531,3,0.5,1,1,0,4.5,0.0005,313
4532,2,0.5,1,1,0,5.25,0.0005,24
4533,3,1.8345,1,1,0,4.5,0.001834,21
4534,3,0.6749,1,1,0,4.5,0.000675,43
4535,3,0.5,1,1,0,4.5,0.0005,26
4536,1,9.3288,2,0,1,1.0,0.009329,20
4537,3,0.5,1,1,0,4.5,0.0005,40
4538,4,0.9969,1,0,0,3.0,0.000997,20
4539,1,0.9841,1,0,1,1.5,0.000984,33
4540,2,2.4681,1,1,0,5.25,0.002468,22
4541,1,1.9261,1,0,1,1.5,0.001926,32
4542,1,0.5306,1,0,1,1.5,0.000531,20
4543,4,0.8757,1,0,0,3.0,0.000876,20
4544,3,0.9668,1,1,0,4.5,0.000967,38
4545,2,2.5654,1,1,0,5.25,0.002565,26
4546,2,0.5,1,1,0,5.25,0.0005,47
4547,4,9.1272,2,0,0,2.0,0.009127,25
4548,2,0.5678,1,1,0,5.25,0.000568,109
4549,3,1.2025,1,1,0,4.5,0.001202,24
4550,2,0.5,1,1,0,5.25,0.0005,177
4551,1,0.5,1,0,1,1.5,0.0005,268
4552,3,0.506,1,1,0,4.5,0.000506,55
4553,1,0.5,1,0,1,1.5,0.0005,158
4554,3,0.8016,1,1,0,4.5,0.000802,38
4555,2,0.5,1,1,0,5.25,0.0005,30
4556,3,2.432,1,1,0,4.5,0.002432,20
4557,3,0.5544,1,1,0,4.5,0.000554,20
4558,3,0.5,1,1,0,4.5,0.0005,20
4559,1,0.8189,1,0,1,1.5,0.000819,47
4560,3,3.2739,2,1,0,3.0,0.003274,1000
4561,4,1.5038,1,0,0,3.0,0.001504,107
4562,2,1.098,1,1,0,5.25,0.001098,37
4563,2,0.5,1,1,0,5.25,0.0005,20
4564,3,0.5,1,1,0,4.5,0.0005,22
4565,2,0.5,1,1,0,5.25,0.0005,56
4566,3,4.4817,2,1,0,3.0,0.004482,60
4567,3,2.0621,1,1,0,4.5,0.002062,20
4568,1,0.5125,1,0,1,1.5,0.000512,21
4569,3,0.6899,1,1,0,4.5,0.00069,20
4570,3,0.5315,1,1,0,4.5,0.000531,20
4571,2,0.5002,1,1,0,5.25,0.0005,25
4572,4,1.9222,1,0,0,3.0,0.001922,30
4573,2,0.9099,1,1,0,5.25,0.00091,49
4574,2,9.7213,2,1,0,3.5,0.009721,62
4575,3,4.2355,2,1,0,3.0,0.004236,34
4576,2,4.4935,2,1,0,3.5,0.004493,316
4577,3,2.3738,1,1,0,4.5,0.002374,80
4578,1,0.7949,1,0,1,1.5,0.000795,114
4579,3,2.2055,1,1,0,4.5,0.002205,23
4580,1,0.8558,1,0,1,1.5,0.000856,22
4581,3,6.193,2,1,0,3.0,0.006193,49
4582,3,1.8174,1,1,0,4.5,0.001817,54
4583,3,1.577,1,1,0,4.5,0.001577,20
4584,4,1.3774,1,0,0,3.0,0.001377,26
4585,3,6.9131,2,1,0,3.0,0.006913,105
4586,3,0.5,1,1,0,4.5,0.0005,44
4587,3,7.625,2,1,0,3.0,0.007625,48
4588,4,1.007,1,0,0,3.0,0.001007,29
4589,3,0.5,1,1,0,4.5,0.0005,24
4590,4,0.5717,1,0,0,3.0,0.000572,82
4591,2,0.5,1,1,0,5.25,0.0005,20
4592,3,2.3322,1,1,0,4.5,0.002332,24
4593,3,0.5,1,1,0,4.5,0.0005,33
4594,2,1.4359,1,1,0,5.25,0.001436,20
4595,2,3.7711,2,1,0,3.5,0.003771,26
4596,4,0.6195,1,0,0,3.0,0.000619,46
4597,2,0.9278,1,1,0,5.25,0.000928,140
4598,2,0.5,1,1,0,5.25,0.0005,72
4599,2,0.8227,1,1,0,5.25,0.000823,28
4600,2,15.9135,3,1,0,2.8,0.015914,20
4601,3,2.6408,1,1,0,4.5,0.002641,33
4602,4,0.9309,1,0,0,3.0,0.000931,42
4603,4,0.658,1,0,0,3.0,0.000658,20
4604,3,1.1624,1,1,0,4.5,0.001162,27
4605,3,1.3815,1,1,0,4.5,0.001382,26
4606,2,0.7978,1,1,0,5.25,0.000798,20
4607,4,2.061,1,0,0,3.0,0.002061,76
4608,2,0.5,1,1,0,5.25,0.0005,57
4609,1,0.5,1,0,1,1.5,0.0005,27
4610,4,1.7565,1,0,0,3.0,0.001757,32
4611,4,0.5,1,0,0,3.0,0.0005,94
4612,2,2.5147,1,1,0,5.25,0.002515,49
4613,3,1.1959,1,1,0,4.5,0.001196,20
4614,3,0.5,1,1,0,4.5,0.0005,52
4615,2,1.3534,1,1,0,5.25,0.001353,318
4616,2,0.5,1,1,0,5.25,0.0005,27
4617,1,2.4266,1,0,1,1.5,0.002427,46
4618,3,0.9459,1,1,0,4.5,0.000946,56
4619,2,7.7232,2,1,0,3.5,0.007723,53
4620,3,3.5412,2,1,0,3.0,0.003541,70
4621,2,0.5,1,1,0,5.25,0.0005,37
4622,4,0.5,1,0,0,3.0,0.0005,27
4623,3,0.5701,1,1,0,4.5,0.00057,33
4624,4,0.5,1,0,0,3.0,0.0005,20
4625,1,7.5299,2,0,1,1.0,0.00753,70
4626,3,1.2006,1,1,0,4.5,0.001201,20
4627,3,3.085,2,1,0,3.0,0.003085,23
4628,2,0.9122,1,1,0,5.25,0.000912,167
4629,2,1.0136,1,1,0,5.25,0.001014,21
4630,2,1.1741,1,1,0,5.25,0.001174,87
4631,2,3.6681,2,1,0,3.5,0.003668,286
4632,2,1.6566,1,1,0,5.25,0.001657,20
4633,2,0.5,1,1,0,5.25,0.0005,22
4634,2,6.1451,2,1,0,3.5,0.006145,291
4635,3,0.9051,1,1,0,4.5,0.000905,94
4636,1,0.7692,1,0,1,1.5,0.000769,84
4637,2,0.5,1,1,0,5.25,0.0005,61
4638,3,2.2877,1,1,0,4.5,0.002288,20
4639,2,1.342,1,1,0,5.25,0.001342,23
4640,2,1.3405,1,1,0,5.25,0.001341,188
4641,2,0.8108,1,1,0,5.25,0.000811,74
4642,1,0.6824,1,0,1,1.5,0.000682,122
4643,3,0.8383,1,1,0,4.5,0.000838,22
4644,1,1.9277,1,0,1,1.5,0.001928,48
4645,2,2.2985,1,1,0,5.25,0.002299,72
4646,4,0.9628,1,0,0,3.0,0.000963,33
4647,4,3.1333,2,0,0,2.0,0.003133,61
4648,2,1.1209,1,1,0,5.25,0.001121,28
4649,2,0.7327,1,1,0,5.25,0.000733,101
4650,3,1.4793,1,1,0,4.5,0.001479,20
4651,3,0.5,1,1,0,4.5,0.0005,20
4652,3,1.5309,1,1,0,4.5,0.001531,69
4653,1,0.5,1,0,1,1.5,0.0005,22
4654,1,0.5,1,0,1,1.5,0.0005,20
4655,2,0.5,1,1,0,5.25,0.0005,50
4656,4,1.0182,1,0,0,3.0,0.001018,26
4657,4,6.0665,2,0,0,2.0,0.006066,69
4658,1,1.079,1,0,1,1.5,0.001079,28
4659,3,2.3088,1,1,0,4.5,0.002309,228
4660,2,12.7491,2,1,0,3.5,0.012749,79
4661,3,1.817,1,1,0,4.5,0.001817,162
4662,4,0.5644,1,0,0,3.0,0.000564,667
4663,3,0.6476,1,1,0,4.5,0.000648,497
4664,1,1.2139,1,0,1,1.5,0.001214,356
4665,3,0.6442,1,1,0,4.5,0.000644,22
4666,2,0.6942,1,1,0,5.25,0.000694,97
4667,3,3.2492,2,1,0,3.0,0.003249,42
4668,2,3.3848,2,1,0,3.5,0.003385,42
4669,4,0.5,1,0,0,3.0,0.0005,22
4670,2,0.5352,1,1,0,5.25,0.000535,22
4671,2,0.7627,1,1,0,5.25,0.000763,60
4672,2,2.2083,1,1,0,5.25,0.002208,31
4673,1,3.8046,2,0,1,1.0,0.003805,20
4674,2,18.0856,3,1,0,2.8,0.018086,20
4675,3,0.7615,1,1,0,4.5,0.000761,100
4676,1,0.8004,1,0,1,1.5,0.0008,20
4677,1,2.1852,1,0,1,1.5,0.002185,93
4678,1,0.6132,1,0,1,1.5,0.000613,49
4679,1,1.0536,1,0,1,1.5,0.001054,35
4680,4,0.801,1,0,0,3.0,0.000801,20
4681,4,0.5,1,0,0,3.0,0.0005,21
4682,1,1.3722,1,0,1,1.5,0.001372,82
4683,3,1.0108,1,1,0,4.5,0.001011,21
4684,3,4.3249,2,1,0,3.0,0.004325,30
4685,4,1.2197,1,0,0,3.0,0.00122,20
4686,2,0.5,1,1,0,5.25,0.0005,141
4687,2,0.9371,1,1,0,5.25,0.000937,30
4688,3,0.5,1,1,0,4.5,0.0005,80
4689,4,0.5,1,0,0,3.0,0.0005,23
4690,3,2.2902,1,1,0,4.5,0.00229,27
4691,3,0.9472,1,1,0,4.5,0.000947,25
4692,2,3.0516,2,1,0,3.5,0.003052,90
4693,3,0.5,1,1,0,4.5,0.0005,72
4694,4,0.9519,1,0,0,3.0,0.000952,20
4695,2,0.754,1,1,0,5.25,0.000754,23
4696,3,3.155,2,1,0,3.0,0.003155,20
4697,2,2.3772,1,1,0,5.25,0.002377,103
4698,3,2.3057,1,1,0,4.5,0.002306,40
4699,3,5.6664,2,1,0,3.0,0.005666,67
4700,3,0.8395,1,1,0,4.5,0.00084,228
4701,4,4.61,2,0,0,2.0,0.00461,20
4702,2,0.5,1,1,0,5.25,0.0005,27
4703,2,0.5,1,1,0,5.25,0.0005,62
4704,2,2.5751,1,1,0,5.25,0.002575,77
4705,1,0.5,1,0,1,1.5,0.0005,50
4706,2,2.151,1,1,0,5.25,0.002151,52
4707,1,1.3424,1,0,1,1.5,0.001342,60
4708,2,3.5431,2,1,0,3.5,0.003543,62
4709,2,1.1431,1,1,0,5.25,0.001143,312
4710,2,1.283,1,1,0,5.25,0.001283,41
4711,3,2.0186,1,1,0,4.5,0.002019,24
4712,2,0.6253,1,1,0,5.25,0.000625,26
4713,3,0.5987,1,1,0,4.5,0.000599,24
4714,4,1.9495,1,0,0,3.0,0.00195,32
4715,3,1.178,1,1,0,4.5,0.001178,29
4716,2,0.8072,1,1,0,5.25,0.000807,204
4717,2,1.1167,1,1,0,5.25,0.001117,42
4718,3,5.9757,2,1,0,3.0,0.005976,21
4719,3,0.7789,1,1,0,4.5,0.000779,23
4720,1,0.7566,1,0,1,1.5,0.000757,25
4721,2,0.5,1,1,0,5.25,0.0005,28
4722,3,1.1628,1,1,0,4.5,0.001163,20
4723,2,2.3397,1,1,0,5.25,0.00234,21
4724,3,2.7992,1,1,0,4.5,0.002799,51
4725,1,1.3517,1,0,1,1.5,0.001352,22
4726,2,3.155,2,1,0,3.5,0.003155,21
4727,3,2.5203,1,1,0,4.5,0.00252,50
4728,2,3.6917,2,1,0,3.5,0.003692,1000
4729,3,3.2461,2,1,0,3.0,0.003246,20
4730,2,5.8306,2,1,0,3.5,0.005831,32
4731,2,1.0237,1,1,0,5.25,0.001024,141
4732,4,0.5,1,0,0,3.0,0.0005,24
4733,2,2.3558,1,1,0,5.25,0.002356,47
4734,2,2.6477,1,1,0,5.25,0.002648,21
4735,4,5.8307,2,0,0,2.0,0.005831,176
4736,3,4.3686,2,1,0,3.0,0.004369,45
4737,3,8.4877,2,1,0,3.0,0.008488,31
4738,1,2.2547,1,0,1,1.5,0.002255,28
4739,1,1.5249,1,0,1,1.5,0.001525,60
4740,3,0.5,1,1,0,4.5,0.0005,41
4741,2,1.6508,1,1,0,5.25,0.001651,20
4742,2,0.6981,1,1,0,5.25,0.000698,24
4743,3,1.4988,1,1,0,4.5,0.001499,20
4744,2,1.281,1,1,0,5.25,0.001281,20
4745,1,1.9443,1,0,1,1.5,0.001944,20
4746,1,1.1006,1,0,1,1.5,0.001101,33
4747,2,3.09,2,1,0,3.5,0.00309,25
4748,3,0.5,1,1,0,4.5,0.0005,20
4749,4,1.4669,1,0,0,3.0,0.001467,20
4750,1,4.0375,2,0,1,1.0,0.004038,23
4751,2,7.8711,2,1,0,3.5,0.007871,30
4752,3,2.5221,1,1,0,4.5,0.002522,109
4753,2,6.5406,2,1,0,3.5,0.006541,25
4754,3,1.4363,1,1,0,4.5,0.001436,84
4755,4,1.2165,1,0,0,3.0,0.001217,20
4756,3,2.0597,1,1,0,4.5,0.00206,20
4757,2,1.2092,1,1,0,5.25,0.001209,25
4758,4,0.5548,1,0,0,3.0,0.000555,25
4759,1,0.7246,1,0,1,1.5,0.000725,33
4760,4,0.5,1,0,0,3.0,0.0005,116
4761,3,2.0576,1,1,0,4.5,0.002058,31
4762,3,1.227,1,1,0,4.5,0.001227,81
4763,4,0.8461,1,0,0,3.0,0.000846,21
4764,3,0.6883,1,1,0,4.5,0.000688,35
4765,2,2.0101,1,1,0,5.25,0.00201,21
4766,2,2.6474,1,1,0,5.25,0.002647,20
4767,3,0.5,1,1,0,4.5,0.0005,42
4768,3,0.5,1,1,0,4.5,0.0005,81
4769,2,3.1508,2,1,0,3.5,0.003151,29
4770,3,0.5,1,1,0,4.5,0.0005,21
4771,3,2.0973,1,1,0,4.5,0.002097,35
4772,2,6.1108,2,1,0,3.5,0.006111,21
4773,1,6.125,2,0,1,1.0,0.006125,154
4774,2,2.5371,1,1,0,5.25,0.002537,22
4775,1,2.4644,1,0,1,1.5,0.002464,21
4776,1,11.5312,2,0,1,1.0,0.011531,29
4777,2,0.5,1,1,0,5.25,0.0005,205
4778,1,0.7625,1,0,1,1.5,0.000762,29
4779,2,2.8339,1,1,0,5.25,0.002834,110
4780,3,0.8658,1,1,0,4.5,0.000866,29
4781,2,4.1909,2,1,0,3.5,0.004191,20
4782,4,1.1662,1,0,0,3.0,0.001166,47
4783,4,1.3839,1,0,0,3.0,0.001384,21
4784,3,0.9217,1,1,0,4.5,0.000922,78
4785,4,0.7194,1,0,0,3.0,0.000719,27
4786,4,0.7019,1,0,0,3.0,0.000702,46
4787,2,1.5909,1,1,0,5.25,0.001591,37
4788,3,0.5591,1,1,0,4.5,0.000559,23
4789,1,3.1467,2,0,1,1.0,0.003147,25
4790,3,2.3312,1,1,0,4.5,0.002331,20
4791,3,3.6421,2,1,0,3.0,0.003642,74
4792,1,0.5,1,0,1,1.5,0.0005,191
4793,2,0.5,1,1,0,5.25,0.0005,26
4794,4,1.208,1,0,0,3.0,0.001208,39
4795,2,22.0199,3,1,0,2.8,0.02202,22
4796,2,4.3032,2,1,0,3.5,0.004303,38
4797,2,0.6968,1,1,0,5.25,0.000697,20
4798,3,1.8546,1,1,0,4.5,0.001855,28
4799,3,2.5111,1,1,0,4.5,0.002511,25
4800,3,0.5,1,1,0,4.5,0.0005,30
4801,2,4.772,2,1,0,3.5,0.004772,24
4802,2,1.0261,1,1,0,5.25,0.001026,396
4803,1,1.1079,1,0,1,1.5,0.001108,50
4804,3,1.2423,1,1,0,4.5,0.001242,20
4805,3,3.8102,2,1,0,3.0,0.00381,21
4806,3,0.57,1,1,0,4.5,0.00057,40
4807,2,0.5,1,1,0,5.25,0.0005,40
4808,3,1.6755,1,1,0,4.5,0.001675,99
4809,2,0.5,1,1,0,5.25,0.0005,21
4810,3,0.8977,1,1,0,4.5,0.000898,88
4811,3,3.975,2,1,0,3.0,0.003975,20
4812,3,2.1646,1,1,0,4.5,0.002165,26
4813,3,3.4401,2,1,0,3.0,0.00344,20
4814,4,2.2558,1,0,0,3.0,0.002256,94
4815,2,13.5107,2,1,0,3.5,0.013511,23
4816,1,0.6736,1,0,1,1.5,0.000674,74
4817,2,1.8063,1,1,0,5.25,0.001806,20
4818,3,0.7827,1,1,0,4.5,0.000783,20
4819,3,3.158,2,1,0,3.0,0.003158,20
4820,3,1.1406,1,1,0,4.5,0.001141,21
4821,3,6.7666,2,1,0,3.0,0.006767,52
4822,2,0.7134,1,1,0,5.25,0.000713,55
4823,3,4.9544,2,1,0,3.0,0.004954,75
4824,3,2.1952,1,1,0,4.5,0.002195,102
4825,2,1.1743,1,1,0,5.25,0.001174,47
4826,2,2.0867,1,1,0,5.25,0.002087,30
4827,2,1.5752,1,1,0,5.25,0.001575,150
4828,2,1.7317,1,1,0,5.25,0.001732,217
4829,3,0.9864,1,1,0,4.5,0.000986,88
4830,4,0.6014,1,0,0,3.0,0.000601,22
4831,3,0.8677,1,1,0,4.5,0.000868,49
4832,2,0.5,1,1,0,5.25,0.0005,30
4833,3,2.8154,1,1,0,4.5,0.002815,45
4834,3,0.5,1,1,0,4.5,0.0005,31
4835,2,0.9758,1,1,0,5.25,0.000976,111
4836,3,2.3191,1,1,0,4.5,0.002319,49
4837,1,2.8082,1,0,1,1.5,0.002808,25
4838,1,0.5,1,0,1,1.5,0.0005,20
4839,1,1.1066,1,0,1,1.5,0.001107,24
4840,2,1.9211,1,1,0,5.25,0.001921,313
4841,4,1.2778,1,0,0,3.0,0.001278,36
4842,2,4.6517,2,1,0,3.5,0.004652,20
4843,2,0.5333,1,1,0,5.25,0.000533,25
4844,2,0.5,1,1,0,5.25,0.0005,48
4845,2,2.7277,1,1,0,5.25,0.002728,84
4846,2,0.709,1,1,0,5.25,0.000709,54
4847,1,0.5,1,0,1,1.5,0.0005,95
4848,3,1.0352,1,1,0,4.5,0.001035,66
4849,1,4.1525,2,0,1,1.0,0.004152,24
4850,3,0.5,1,1,0,4.5,0.0005,20
4851,2,12.5428,2,1,0,3.5,0.012543,59
4852,3,0.5248,1,1,0,4.5,0.000525,20
4853,3,1.3233,1,1,0,4.5,0.001323,20
4854,1,0.5,1,0,1,1.5,0.0005,23
4855,1,1.2646,1,0,1,1.5,0.001265,34
4856,4,1.0612,1,0,0,3.0,0.001061,22
4857,3,0.5,1,1,0,4.5,0.0005,59
4858,3,20.4703,3,1,0,2.4,0.02047,35
4859,1,0.7392,1,0,1,1.5,0.000739,39
4860,2,0.7398,1,1,0,5.25,0.00074,23
4861,3,3.1969,2,1,0,3.0,0.003197,44
4862,4,7.444,2,0,0,2.0,0.007444,24
4863,2,3.7419,2,1,0,3.5,0.003742,49
4864,3,0.5,1,1,0,4.5,0.0005,20
4865,3,1.5024,1,1,0,4.5,0.001502,45
4866,1,0.5,1,0,1,1.5,0.0005,21
4867,2,2.9887,1,1,0,5.25,0.002989,43
4868,2,0.5,1,1,0,5.25,0.0005,25
4869,2,0.5433,1,1,0,5.25,0.000543,27
4870,3,1.2092,1,1,0,4.5,0.001209,20
4871,2,1.893,1,1,0,5.25,0.001893,20
4872,2,0.9345,1,1,0,5.25,0.000934,25
4873,3,5.5413,2,1,0,3.0,0.005541,20
4874,3,2.5002,1,1,0,4.5,0.0025,27
4875,3,2.3114,1,1,0,4.5,0.002311,62
4876,3,0.5,1,1,0,4.5,0.0005,115
4877,2,6.636,2,1,0,3.5,0.006636,64
4878,3,0.5434,1,1,0,4.5,0.000543,21
4879,2,6.8943,2,1,0,3.5,0.006894,48
4880,2,9.1645,2,1,0,3.5,0.009165,68
4881,1,2.0255,1,0,1,1.5,0.002025,23
4882,3,3.4047,2,1,0,3.0,0.003405,47
4883,3,0.5,1,1,0,4.5,0.0005,97
4884,2,0.9981,1,1,0,5.25,0.000998,20
4885,4,3.6521,2,0,0,2.0,0.003652,20
4886,3,3.0577,2,1,0,3.0,0.003058,21
4887,1,0.5,1,0,1,1.5,0.0005,20
4888,3,0.9043,1,1,0,4.5,0.000904,20
4889,2,0.5,1,1,0,5.25,0.0005,833
4890,4,1.8333,1,0,0,3.0,0.001833,24
4891,2,0.5,1,1,0,5.25,0.0005,21
4892,2,3.757,2,1,0,3.5,0.003757,24
4893,2,3.9585,2,1,0,3.5,0.003959,44
4894,2,0.7549,1,1,0,5.25,0.000755,20
4895,3,2.043,1,1,0,4.5,0.002043,20
4896,3,0.9763,1,1,0,4.5,0.000976,148
4897,2,1.545,1,1,0,5.25,0.001545,36
4898,3,0.5,1,1,0,4.5,0.0005,24
4899,4,2.2606,1,0,0,3.0,0.002261,32
4900,3,0.5,1,1,0,4.5,0.0005,22
4901,3,0.5,1,1,0,4.5,0.0005,29
4902,2,1.0738,1,1,0,5.25,0.001074,147
4903,2,0.9821,1,1,0,5.25,0.000982,35
4904,4,1.5927,1,0,0,3.0,0.001593,82
4905,3,0.6336,1,1,0,4.5,0.000634,98
4906,3,7.9952,2,1,0,3.0,0.007995,20
4907,4,1.4244,1,0,0,3.0,0.001424,21
4908,1,1.5312,1,0,1,1.5,0.001531,93
4909,3,1.4775,1,1,0,4.5,0.001478,20
4910,2,3.3071,2,1,0,3.5,0.003307,35
4911,1,2.158,1,0,1,1.5,0.002158,55
4912,3,1.8873,1,1,0,4.5,0.001887,41
4913,2,2.5323,1,1,0,5.25,0.002532,34
4914,4,0.5,1,0,0,3.0,0.0005,662
4915,2,0.5,1,1,0,5.25,0.0005,50
4916,3,1.1242,1,1,0,4.5,0.001124,53
4917,3,0.9955,1,1,0,4.5,0.000995,164
4918,3,2.1662,1,1,0,4.5,0.002166,298
4919,4,1.2376,1,0,0,3.0,0.001238,1000
4920,2,2.1706,1,1,0,5.25,0.002171,44
4921,2,0.5,1,1,0,5.25,0.0005,21
4922,2,1.2001,1,1,0,5.25,0.0012,21
4923,2,0.5,1,1,0,5.25,0.0005,115
4924,4,1.786,1,0,0,3.0,0.001786,34
4925,3,0.5,1,1,0,4.5,0.0005,20
4926,2,1.7185,1,1,0,5.25,0.001719,21
4927,2,0.5,1,1,0,5.25,0.0005,23
4928,3,0.8266,1,1,0,4.5,0.000827,21
4929,3,2.9686,1,1,0,4.5,0.002969,26
4930,2,1.5228,1,1,0,5.25,0.001523,28
4931,3,0.5,1,1,0,4.5,0.0005,24
4932,3,0.6192,1,1,0,4.5,0.000619,20
4933,3,0.5,1,1,0,4.5,0.0005,20
4934,2,0.5,1,1,0,5.25,0.0005,20
4935,3,1.3645,1,1,0,4.5,0.001365,20
4936,2,2.1243,1,1,0,5.25,0.002124,46
4937,2,1.8847,1,1,0,5.25,0.001885,39
4938,3,2.2162,1,1,0,4.5,0.002216,21
4939,3,1.1987,1,1,0,4.5,0.001199,43
4940,2,0.9229,1,1,0,5.25,0.000923,20
4941,4,0.5,1,0,0,3.0,0.0005,46
4942,1,0.7812,1,0,1,1.5,0.000781,146
4943,3,0.5,1,1,0,4.5,0.0005,52
4944,4,0.521,1,0,0,3.0,0.000521,22
4945,3,1.3259,1,1,0,4.5,0.001326,38
4946,3,1.0783,1,1,0,4.5,0.001078,21
4947,3,25.9942,3,1,0,2.4,0.025994,82
4948,3,0.5,1,1,0,4.5,0.0005,120
4949,3,1.0704,1,1,0,4.5,0.00107,24
4950,3,0.5,1,1,0,4.5,0.0005,486
4951,2,0.8231,1,1,0,5.25,0.000823,301
4952,3,0.8573,1,1,0,4.5,0.000857,32
4953,2,2.8236,1,1,0,5.25,0.002824,41
4954,4,0.7737,1,0,0,3.0,0.000774,56
4955,2,1.0018,1,1,0,5.25,0.001002,36
4956,2,0.7889,1,1,0,5.25,0.000789,52
4957,4,0.5,1,0,0,3.0,0.0005,21
4958,2,0.6319,1,1,0,5.25,0.000632,20
4959,2,0.828,1,1,0,5.25,0.000828,45
4960,3,1.306,1,1,0,4.5,0.001306,31
4961,2,2.1214,1,1,0,5.25,0.002121,57
4962,2,0.9594,1,1,0,5.25,0.000959,54
4963,3,0.9427,1,1,0,4.5,0.000943,42
4964,2,0.5,1,1,0,5.25,0.0005,20
4965,2,2.0811,1,1,0,5.25,0.002081,20
4966,1,0.6049,1,0,1,1.5,0.000605,29
4967,2,2.5607,1,1,0,5.25,0.002561,36
4968,2,4.5249,2,1,0,3.5,0.004525,61
4969,1,1.0052,1,0,1,1.5,0.001005,34
4970,3,0.5,1,1,0,4.5,0.0005,30
4971,3,1.193,1,1,0,4.5,0.001193,27
4972,1,1.7192,1,0,1,1.5,0.001719,21
4973,2,0.8848,1,1,0,5.25,0.000885,20
4974,4,0.6901,1,0,0,3.0,0.00069,49
4975,3,2.1312,1,1,0,4.5,0.002131,21
4976,2,1.9952,1,1,0,5.25,0.001995,38
4977,3,0.858,1,1,0,4.5,0.000858,38
4978,2,0.5,1,1,0,5.25,0.0005,25
4979,3,1.9146,1,1,0,4.5,0.001915,31
4980,4,0.5632,1,0,0,3.0,0.000563,46
4981,4,1.503,1,0,0,3.0,0.001503,26
4982,2,1.411,1,1,0,5.25,0.001411,143
4983,2,0.5,1,1,0,5.25,0.0005,64
4984,2,1.3155,1,1,0,5.25,0.001316,20
4985,2,2.0293,1,1,0,5.25,0.002029,37
4986,2,2.294,1,1,0,5.25,0.002294,64
4987,3,1.3641,1,1,0,4.5,0.001364,48
4988,2,0.5,1,1,0,5.25,0.0005,59
4989,4,4.3502,2,0,0,2.0,0.00435,110
4990,1,1.8297,1,0,1,1.5,0.00183,20
4991,1,0.5,1,0,1,1.5,0.0005,100
4992,4,0.5518,1,0,0,3.0,0.000552,21
4993,3,1.5286,1,1,0,4.5,0.001529,31
4994,2,2.3939,1,1,0,5.25,0.002394,20
4995,3,0.7447,1,1,0,4.5,0.000745,115
4996,2,2.7695,1,1,0,5.25,0.00277,31
4997,2,0.5,1,1,0,5.25,0.0005,35
4998,3,0.5,1,1,0,4.5,0.0005,21
4999,2,0.5,1,1,0,5.25,0.0005,30
5000,3,0.5,1,1,0,4.5,0.0005,20
